run_name,objective,reportable,training_seconds_total,method,task,fold,seed,gate,selected_epoch,selection_split,validation_projects,temperature,lambda_label,margin,lambda_hard,lambda_case,precision,recall,f1,accuracy,roc_auc,pr_auc,mcc,tp,fp,tn,fn,roc_auc_legacy,inference_seconds,test_samples,not_found,selection_metric,selection_score,training_protocol,lambda_local,local_temperature,local_max_document_ratio,local_positive_threshold,local_negative_threshold,local_negative_pair_margin,weight_decay,directed_lambda_positive,directed_lambda_mutual,directed_lambda_negative,directed_mutual_threshold,directed_negative_margin,directed_warmup_epochs,directed_ramp_epochs,directed_max_aux_ratio
cl1_task1_fold1_seed42_default,CL1,0,25163.715768177877,CL1,1,1,42,0,3,validation,CPSC-501-A1;ES-Curso-2Sem-2022-Grupo-25-3;GEN;Team9Project;Tennis-kata;VideoRental-3;base-2;cosc603-rehak-project2;gilded-rose-kata-2;nonprofitDonationTrackerApp;padel-systems;patterns-3;smells-in-machine-shop-simulator-yutaro;soen6441-riskgame-2;svn.jenkins-ci.org;thera-pi;twu-refactoring-orderReceipt,0.1,0.1,0.2,0.1,0.1,0.45829823083403537,0.43415802075019955,0.4459016393442623,0.6104868913857678,0.6047961897757376,0.5296505266060119,0.146056343263985,1088,1286,3150,1418,0.6628918409530804,251.57536322204396,6942,0,,,,,,,,,,,,,,,,,,
cl1_task1_fold1_seed42_full_mcc_e2,CL1,1,4458.369982397009,CL1,1,1,42,0,1,fixed_epoch_full_train,,0.1,0.1,0.2,0.1,0.1,0.5041666666666667,0.43455706304868313,0.46678096870981567,0.6416018438490348,0.6273283614366099,0.4557608216313189,0.20035002551665676,1089,1071,3365,1417,0.6827980112785352,250.8520868429914,6942,0,mcc,1.0,full_train_fixed_epoch,,,,,,,,,,,,,,,
cl2_task1_fold1_seed42_default,CL2,0,25191.736396776047,CL2,1,1,42,0,0,validation,CPSC-501-A1;ES-Curso-2Sem-2022-Grupo-25-3;GEN;Team9Project;Tennis-kata;VideoRental-3;base-2;cosc603-rehak-project2;gilded-rose-kata-2;nonprofitDonationTrackerApp;padel-systems;patterns-3;smells-in-machine-shop-simulator-yutaro;soen6441-riskgame-2;svn.jenkins-ci.org;thera-pi;twu-refactoring-orderReceipt,0.1,0.1,0.2,0.1,0.1,0.38012048192771086,0.7553870710295292,0.505744055570398,0.46701238836070297,0.5340997656121251,0.40126675492896224,0.06345489390793285,1893,3087,1349,613,0.5175443363669889,250.23177180398488,6942,0,,,,,,,,,,,,,,,,,,
cl2_task1_fold1_seed42_full_mcc_e4,CL2,1,8931.918423427036,CL2,1,1,42,0,3,fixed_epoch_full_train,,0.1,0.1,0.2,0.1,0.1,0.5138842422214788,0.6129289704708699,0.5590536851683349,0.6509651397291847,0.668172940398409,0.505901472228086,0.2768126623499531,1536,1453,2983,970,0.6948295341879097,250.52974831301253,6942,0,mcc,3.0,full_train_fixed_epoch,,,,,,,,,,,,,,,
cl5_task1_fold1_seed42_full_mcc_e7_pair_local_l020,CL5-graph-pair-local,1,17977.443214158877,CL5,1,1,42,0,6,fixed_epoch_full_train,,0.1,0.1,0.2,0.1,0.1,0.6103542234332425,0.3575418994413408,0.4509310518369401,0.6856813598386632,0.6708932826320528,0.5636126511137732,0.26886930333325615,896,572,3864,1610,0.7388218872576422,253.6769752210239,6942,0,mcc,6.0,full_train_fixed_epoch,0.2,0.1,0.05,0.7,0.25,0.3,,,,,,,,,
cl5_task1_fold1_seed42_legacy_test_f1_pair_local_l020,CL5-graph-pair-local,1,41529.12028001959,CL5,1,1,42,0,10,test_legacy,,0.1,0.1,0.2,0.1,0.1,0.4954990215264188,0.5051875498802874,0.5002963841138115,0.6356957649092481,0.6801671479882007,0.5355244406254742,0.2137262691531201,1266,1289,3147,1240,0.713103565609805,251.77136042201892,6942,0,f1,0.5002963841138115,legacy_test_selected,0.2,0.1,0.05,0.7,0.25,0.3,,,,,,,,,
cl5_task1_fold1_seed42_matched_focal_full_mcc_e8,Focal-only-control,1,18725.00190112309,CL5,1,1,42,0,7,fixed_epoch_full_train,,0.1,0.1,0.2,0.1,0.1,0.5521512385919165,0.33798882681564246,0.4193069306930693,0.662057044079516,0.6244231607892186,0.575949353773427,0.21197764016611786,847,687,3749,1659,0.7168304885497742,252.90283087803982,6942,0,mcc,7.0,full_train_fixed_epoch,0.0,0.1,0.05,0.7,0.25,0.3,,,,,,,,,
cl5_task2_fold1_seed42_task2_full_mcc_e11_pair_local_l010,CL5-graph-pair-local,1,11476.807454210008,CL5,2,1,42,0,10,fixed_epoch_full_train,,0.1,0.1,0.2,0.1,0.1,0.7927031509121062,0.6089171974522293,0.6887608069164265,0.8461538461538461,0.8784890951509866,0.7923557528058993,0.5979413391671048,478,125,1898,307,0.9158072986420565,100.97943006106652,2808,0,mcc,10.0,full_train_fixed_epoch,0.1,0.1,0.05,0.7,0.25,0.3,0.0005,,,,,,,,
cl5_task2_fold1_seed42_task2_legacy_test_f1_matched_focal,Focal-only-control,1,5630.243090925855,CL5,2,1,42,0,0,test_legacy,,0.1,0.1,0.2,0.1,0.1,0.621272365805169,0.7961783439490446,0.6979341150195422,0.8073361823361823,0.897925449685307,0.7769764628183156,0.5689166625545964,625,381,1642,160,0.9093811890731406,100.3828742679907,2808,0,f1,0.6979341150195422,legacy_test_selected,0.0,0.1,0.05,0.7,0.25,0.3,0.0005,,,,,,,,
cl5_task2_fold1_seed42_task2_legacy_test_f1_pair_local_l010,CL5-graph-pair-local,1,7362.948292675195,CL5,2,1,42,0,1,test_legacy,,0.1,0.1,0.2,0.1,0.1,0.7168367346938775,0.7159235668789808,0.7163798597833014,0.8415242165242165,0.8965911130282012,0.7960701990969701,0.6064221653759577,562,222,1801,223,0.9216157691496011,100.06200899509713,2808,0,f1,0.7163798597833014,legacy_test_selected,0.1,0.1,0.05,0.7,0.25,0.3,0.0005,,,,,,,,
cl5_task2_fold1_seed42_task2_matched_focal_full_mcc_e15,Focal-only-control,1,13861.618081809836,CL5,2,1,42,0,14,fixed_epoch_full_train,,0.1,0.1,0.2,0.1,0.1,0.7707692307692308,0.6382165605095541,0.6982578397212543,0.8457977207977208,0.8953902730069172,0.8137635675569161,0.6007077318227565,501,149,1874,284,0.9227432457934595,100.0927666380303,2808,0,mcc,14.0,full_train_fixed_epoch,0.0,0.1,0.05,0.7,0.25,0.3,0.0005,,,,,,,,
cl6_task2_fold1_seed42_directed_selected_a1_e28,CL6-directed-method-class,1,26538.809849070036,CL6,2,1,42,0,27,fixed_epoch_full_train,,0.1,0.1,0.2,0.1,0.1,0.825,0.6305732484076433,0.7148014440433214,0.8593304843304843,0.904028512866368,0.8335068282534511,0.6335613544422096,495,105,1918,290,0.9329422802980496,100.76654961204622,2808,0,mcc,27.0,full_train_fixed_epoch,,,,,,,0.0005,0.01,0.0,0.0,0.8,0.65,3,2,0.25
