task,objective,training_protocol,lambda_local,directed_lambda_positive,directed_lambda_mutual,directed_lambda_negative,runs,precision_mean,precision_std,recall_mean,recall_std,f1_mean,f1_std,accuracy_mean,accuracy_std,roc_auc_mean,roc_auc_std,pr_auc_mean,pr_auc_std,mcc_mean,mcc_std,roc_auc_legacy_mean,roc_auc_legacy_std,inference_seconds_mean,inference_seconds_std,training_seconds_total_mean,training_seconds_total_std
1,CL1,full_train_fixed_epoch,,,,,1,0.5041666666666667,0.0,0.43455706304868313,0.0,0.46678096870981567,0.0,0.6416018438490348,0.0,0.6273283614366099,0.0,0.4557608216313189,0.0,0.20035002551665676,0.0,0.6827980112785352,0.0,250.8520868429914,0.0,4458.369982397009,0.0
1,CL2,full_train_fixed_epoch,,,,,1,0.5138842422214788,0.0,0.6129289704708699,0.0,0.5590536851683349,0.0,0.6509651397291847,0.0,0.668172940398409,0.0,0.505901472228086,0.0,0.2768126623499531,0.0,0.6948295341879097,0.0,250.52974831301253,0.0,8931.918423427036,0.0
1,CL5-graph-pair-local,full_train_fixed_epoch,0.2,,,,1,0.6103542234332425,0.0,0.3575418994413408,0.0,0.4509310518369401,0.0,0.6856813598386632,0.0,0.6708932826320528,0.0,0.5636126511137732,0.0,0.26886930333325615,0.0,0.7388218872576422,0.0,253.6769752210239,0.0,17977.443214158877,0.0
1,CL5-graph-pair-local,legacy_test_selected,0.2,,,,1,0.4954990215264188,0.0,0.5051875498802874,0.0,0.5002963841138115,0.0,0.6356957649092481,0.0,0.6801671479882007,0.0,0.5355244406254742,0.0,0.2137262691531201,0.0,0.713103565609805,0.0,251.77136042201892,0.0,41529.12028001959,0.0
1,Focal-only-control,full_train_fixed_epoch,0.0,,,,1,0.5521512385919165,0.0,0.33798882681564246,0.0,0.4193069306930693,0.0,0.662057044079516,0.0,0.6244231607892186,0.0,0.575949353773427,0.0,0.21197764016611786,0.0,0.7168304885497742,0.0,252.90283087803982,0.0,18725.00190112309,0.0
2,CL5-graph-pair-local,full_train_fixed_epoch,0.1,,,,1,0.7927031509121062,0.0,0.6089171974522293,0.0,0.6887608069164265,0.0,0.8461538461538461,0.0,0.8784890951509866,0.0,0.7923557528058993,0.0,0.5979413391671048,0.0,0.9158072986420565,0.0,100.97943006106652,0.0,11476.807454210008,0.0
2,CL5-graph-pair-local,legacy_test_selected,0.1,,,,1,0.7168367346938775,0.0,0.7159235668789808,0.0,0.7163798597833014,0.0,0.8415242165242165,0.0,0.8965911130282012,0.0,0.7960701990969701,0.0,0.6064221653759577,0.0,0.9216157691496011,0.0,100.06200899509713,0.0,7362.948292675195,0.0
2,CL6-directed-method-class,full_train_fixed_epoch,,0.01,0.0,0.0,1,0.825,0.0,0.6305732484076433,0.0,0.7148014440433214,0.0,0.8593304843304843,0.0,0.904028512866368,0.0,0.8335068282534511,0.0,0.6335613544422096,0.0,0.9329422802980496,0.0,100.76654961204622,0.0,26538.809849070036,0.0
2,Focal-only-control,full_train_fixed_epoch,0.0,,,,1,0.7707692307692308,0.0,0.6382165605095541,0.0,0.6982578397212543,0.0,0.8457977207977208,0.0,0.8953902730069172,0.0,0.8137635675569161,0.0,0.6007077318227565,0.0,0.9227432457934595,0.0,100.0927666380303,0.0,13861.618081809836,0.0
2,Focal-only-control,legacy_test_selected,0.0,,,,1,0.621272365805169,0.0,0.7961783439490446,0.0,0.6979341150195422,0.0,0.8073361823361823,0.0,0.897925449685307,0.0,0.7769764628183156,0.0,0.5689166625545964,0.0,0.9093811890731406,0.0,100.3828742679907,0.0,5630.243090925855,0.0
