run_name,method,task,fold,seed,stage_epochs,buffer_ratio,final_average_probe_accuracy,average_forgetting,maximum_forgetting,backward_transfer,material_forgetting,per_increment_forgetting,outer_precision,outer_recall,outer_f1,outer_accuracy,outer_roc_auc,outer_pr_auc,outer_mcc,outer_roc_auc_legacy,outer_tp,outer_fp,outer_tn,outer_fn,outer_inference_seconds,outer_samples,training_seconds_total,wall_seconds_total
task1_fold1_seed42_ewc_l10_e8,ewc,1,1,42,8,,0.7543635532846,-0.003821144489922046,0.025217391304347747,0.028687929569851,0,"{""I1"": -0.03285968028419184, ""I2"": 0.025217391304347747}",0.4295830055074744,0.21787709497206703,0.2891183478951549,0.6132238547968885,0.5746048527717427,0.4329225341804887,0.06761052744388418,0.6619038216058795,546,725,3711,1960,255.96971528010909,6942,16243.077332890243,17536.21075256099
task1_fold1_seed42_joint_e8,joint,1,1,42,8,,0.7670775672758591,,,,0,{},0.6884970612930311,0.3272146847565842,0.4436029212875304,0.7036876980697205,0.6571928903544028,0.6019347393760892,0.310314275447098,0.7291207196376513,820,371,4065,1686,256.26971303403843,6942,16294.537452631048,16709.116217911942
task1_fold1_seed42_naive_e8,naive,1,1,42,8,,0.7189541918914667,0.023848173604139322,0.05391304347826087,-0.006530233994903101,1,"{""I1"": -0.006216696269982225, ""I2"": 0.05391304347826087}",0.3347763347763348,0.18515562649640863,0.23843782117163412,0.5730337078651685,0.5501076046883332,0.37688259339088875,-0.027261155529181732,0.6266343177171744,464,922,3514,2042,257.3847651670221,6942,16259.446139886044,17382.631237732014
task1_fold1_seed42_replay_kd_r10_kd0.5_e8,replay_kd,1,1,42,8,0.1,0.753148837362796,-0.0005274538574407406,0.00782608695652176,0.004079851726002004,0,"{""I1"": -0.008880994671403242, ""I2"": 0.00782608695652176}",0.5939849624060151,0.28371907422186754,0.3840129624628679,0.6714203399596658,0.6005898737529478,0.5116898845247893,0.22143430573215447,0.6925188608481803,711,486,3950,1795,253.80140794301406,6942,18205.646637822967,19315.84463107586
task1_fold1_seed42_replay_r10_e8,replay,1,1,42,8,0.1,0.7309398163449724,0.03257317167348828,0.07992895204262873,-0.014367132597111754,1,"{""I1"": 0.07992895204262873, ""I2"": -0.014782608695652177}",0.784375,0.40063846767757383,0.5303750660327522,0.7438778450014405,0.704358637556609,0.655759731172864,0.41913384418499927,0.7633820449655668,1004,276,4160,1502,254.4352888050489,6942,17552.21066788584,18670.54265558708
task1_fold1_seed42_replay_relation_ewc_r10_kd0.5_z0.1_a0.1_l1_e8,replay_relation_ewc,1,1,42,8,0.1,0.7078079938388919,0.07978762838829256,0.13826086956521744,-0.07046258398331923,1,"{""I1"": 0.02131438721136769, ""I2"": 0.13826086956521744}",0.5613668061366807,0.32122905027932963,0.4086294416243655,0.6643618553730913,0.611125858804514,0.5129032024428115,0.21287323028325192,0.6950624286127282,805,629,3807,1701,253.90184355713427,6942,18268.57906648214,19552.1450992662
task1_fold1_seed42_replay_relation_r10_kd0.5_z0.1_a0.1_e8,replay_relation,1,1,42,8,0.1,0.7716824460742507,-0.060879604602672055,-0.04262877442273538,0.060879604602672055,0,"{""I1"": -0.04262877442273538, ""I2"": -0.07913043478260873}",0.5101769911504425,0.46009577015163605,0.4838438942509442,0.6456352636127917,0.6591901258440519,0.5660788769696168,0.2158065717417513,0.7111157924477921,1153,1107,3329,1353,254.4970736040268,6942,18300.44131122413,19413.975215710932
task2_fold1_seed123_ewc_cl6_l10_e8,ewc,2,1,123,8,,0.8531422170182577,-0.0005653201767910621,0.05797101449275355,0.026570048309178806,1,"{""I1"": -0.05910165484633567, ""I2"": 0.05797101449275355}",0.5560040363269425,0.7019108280254777,0.6204954954954955,0.75997150997151,0.8566699516074696,0.7431661216822069,0.4549183226300613,0.875621190168911,551,440,1583,234,100.68915083794855,2808,6778.12000322598,7328.085581505904
task2_fold1_seed123_naive_cl6_e8,naive,2,1,123,8,,0.8257487227885009,0.0424632541885086,0.04710144927536242,0.008364168979340114,1,"{""I1"": 0.03782505910165479, ""I2"": 0.04710144927536242}",0.6318407960199005,0.6471337579617834,0.6393958464443046,0.7959401709401709,0.8582026441149708,0.7570517082549824,0.4972037956194657,0.8887976381076452,508,296,1727,277,100.1423358079046,2808,6710.857896690955,7119.247474326054
task2_fold1_seed123_replay_cl6_r10_e8,replay,2,1,123,8,0.1,0.8207024345784752,0.007477644156645091,0.036231884057971064,0.03743961352657005,0,"{""I1"": -0.021276595744680882, ""I2"": 0.036231884057971064}",0.6987577639751553,0.5732484076433121,0.6298110566829951,0.8116096866096866,0.8538350371995932,0.7416840128808757,0.5095646000200563,0.8893320163797374,450,194,1829,335,100.65544720599428,2808,7121.21311418456,7531.597816079855
task2_fold1_seed123_replay_r10_e8,replay,2,1,123,8,0.1,0.8106306907879527,-0.01882259224997429,0.009456264775413725,0.06965001541782301,0,"{""I1"": 0.009456264775413725, ""I2"": -0.047101449275362306}",0.6844512195121951,0.5719745222929936,0.6231783483691881,0.8066239316239316,0.8465418389161583,0.7345200205358128,0.4981213884084103,0.8900697589711123,449,207,1816,336,99.93066667194944,2808,6414.552988835028,6823.176484595984
task2_fold1_seed123_replay_relation_cl6_r10_kd0.5_z0.1_a0.1_e8,replay_relation,2,1,123,8,0.1,0.8250854808671645,0.04056172268475694,0.0905797101449276,0.0031735019015314836,1,"{""I1"": -0.009456264775413725, ""I2"": 0.0905797101449276}",0.7002724795640327,0.6547770700636942,0.6767610269914417,0.8251424501424501,0.8858654139812538,0.7848239932572849,0.5576927891988631,0.9085456641991543,514,220,1803,271,100.71930758096278,2808,7187.74873336684,7598.370155838085
task2_fold1_seed123_replay_supcon_t0.07_l0.2_r10_e8,replay,2,1,123,8,0.1,0.8416902366486085,-0.06498612395929693,-0.021276595744680882,0.11817761332099908,0,"{""I1"": -0.021276595744680882, ""I2"": -0.10869565217391297}",0.6357388316151202,0.7070063694267515,0.669481302774427,0.8048433048433048,0.8757228181643582,0.7804081160083277,0.5330905957022052,0.9007191500068992,555,318,1705,230,100.09455130901188,2808,6413.053508755984,6821.584547429928
task2_fold1_seed2024_ewc_cl6_l10_e8,ewc,2,1,2024,8,,0.83539165862159,-0.004913568553161274,0.014563106796116498,0.008978609203567745,0,"{""I1"": -0.024390243902439046, ""I2"": 0.014563106796116498}",0.7956081081081081,0.6,0.6840958605664488,0.8450854700854701,0.8987006117546306,0.8045709344581021,0.5943357329800346,0.918214569078173,471,121,1902,314,100.43257899209857,2808,6516.38873432111,7074.034663992003
task2_fold1_seed2024_naive_cl6_e8,naive,2,1,2024,8,,0.8223967093106329,0.014770305470045042,0.027508090614886793,0.0014898571315809517,0,"{""I1"": 0.002032520325203291, ""I2"": 0.027508090614886793}",0.7450682852807283,0.6254777070063694,0.6800554016620498,0.8354700854700855,0.8962214784752417,0.8035699180424969,0.5744043720047832,0.9190227631066307,491,168,1855,294,100.84815191524103,2808,6513.885652444325,6937.029622835107
task2_fold1_seed2024_replay_cl6_r10_e8,replay,2,1,2024,8,0.1,0.8035778075293822,0.04175546609835035,0.046925566343042124,-0.031592864472334115,1,"{""I1"": 0.03658536585365857, ""I2"": 0.046925566343042124}",0.860813704496788,0.5121019108280255,0.6421725239616614,0.8404558404558404,0.9172893885917048,0.8260777517681953,0.5784808584224274,0.9268956319348057,402,65,1958,383,100.65450688172132,2808,7242.50335586071,7667.470585580915
task2_fold1_seed2024_replay_r10_e8,replay,2,1,2024,8,0.1,0.8282651879916857,0.008445812613465997,0.03721682847896446,-0.0023482516378562357,0,"{""I1"": -0.020325203252032464, ""I2"": 0.03721682847896446}",0.8422090729783037,0.5439490445859873,0.6609907120743034,0.844017094017094,0.9204958266558778,0.8378167857996205,0.5885032196503762,0.9363134227806593,427,80,1943,358,99.83720726100728,2808,6484.552484960412,6904.29842600401
task2_fold1_seed2024_replay_relation_cl6_r10_kd0.5_z0.1_a0.1_e8,replay_relation,2,1,2024,8,0.1,0.8362411984836801,0.03686163075222987,0.05339805825242716,-0.004341305548977825,1,"{""I1"": 0.020325203252032575, ""I2"": 0.05339805825242716}",0.7890625,0.643312101910828,0.7087719298245614,0.8522079772079773,0.911874588726461,0.8325047763910084,0.6168397621261359,0.9308585411238545,505,135,1888,280,100.67335486738011,2808,7494.0191012993455,7917.657154999673
task2_fold1_seed2024_replay_supcon_t0.07_l0.2_r10_e8,replay,2,1,2024,8,0.1,0.8123678128118099,0.04246586155181936,0.0889967637540453,-0.031286999763201484,1,"{""I1"": -0.004065040650406582, ""I2"": 0.0889967637540453}",0.8095238095238095,0.6063694267515923,0.6933721777130372,0.8500712250712251,0.9051770876953253,0.8222138406050379,0.6077486883286937,0.9229273326718128,476,112,1911,309,100.10287498799153,2808,6534.007858978701,6956.288496527006
task2_fold1_seed42_ewc_cl6_l10_e8,ewc,2,1,42,8,,0.8578501545693872,0.00637909527827718,0.04626334519572961,-0.00637909527827718,0,"{""I1"": -0.03350515463917525, ""I2"": 0.04626334519572961}",0.7669724770642202,0.532484076433121,0.6285714285714286,0.8240740740740741,0.875181904908835,0.7499330740724727,0.532989154303944,0.9027191845033725,418,127,1896,367,100.71861275518313,2808,6893.773824034492,7415.798426181078
task2_fold1_seed42_joint_cl6_e8,joint,2,1,42,8,,0.8435773539710065,,,,0,{},0.7896341463414634,0.6598726114649681,0.7189451769604441,0.8557692307692307,0.8862287515230896,0.7984415397790599,0.6275232044298552,0.9171572902208586,518,138,1885,267,100.54439321998507,2808,6743.618157181889,6881.675114423037
task2_fold1_seed42_naive_cl6_e8,naive,2,1,42,8,,0.835767017866813,0.028960450526470227,0.06049822064056931,-0.023805811351212458,1,"{""I1"": -0.002577319587628857, ""I2"": 0.06049822064056931}",0.8577154308617234,0.5452229299363057,0.6666666666666666,0.8475783475783476,0.8851670754476388,0.7724717872284894,0.5988919120179422,0.9075564270988061,428,71,1952,357,99.97290526283905,2808,6860.107819775585,7234.343541228911
task2_fold1_seed42_replay_cl6_r10_e8,replay,2,1,42,8,0.1,0.8576458379602282,0.009474630370180148,0.10142348754448405,-0.009474630370180148,1,"{""I1"": -0.08247422680412375, ""I2"": 0.10142348754448405}",0.7079510703363915,0.5898089171974522,0.6435024322446143,0.8173076923076923,0.8709301629981331,0.7683901575268809,0.5259838205928193,0.9080693719003904,463,191,1832,322,101.133896084968,2808,7626.9372366720345,8007.152287662961
task2_fold1_seed42_replay_kd_cl6_r10_kd0.5_e8,replay_kd,2,1,42,8,0.1,0.8571026238026146,0.018958432696188132,0.053380782918149516,0.0003714642110283495,1,"{""I1"": -0.015463917525773252, ""I2"": 0.053380782918149516}",0.7832512315270936,0.6076433121019108,0.6843615494978479,0.8433048433048433,0.8978146222895302,0.8069423655627579,0.5906444554895098,0.9232144016688175,477,132,1891,308,101.04366124328226,2808,7757.716181900818,8135.708219876979
task2_fold1_seed42_replay_r10_e8,replay,2,1,42,8,0.1,0.8561110640183661,0.004384194885717507,0.05516014234875455,0.007213743258612404,1,"{""I1"": -0.046391752577319534, ""I2"": 0.05516014234875455}",0.7200647249190939,0.5668789808917197,0.6343549536707056,0.8173076923076923,0.8730214003923038,0.7534460379046213,0.5214211676634904,0.9069537534192091,445,173,1850,340,100.3062911471352,2808,6823.705752756912,7197.517229585908
task2_fold1_seed42_replay_relation_cl6_r05_kd0.5_z0.1_a0.1_e8,replay_relation,2,1,42,8,0.05,0.8750645866739614,-0.023411417250614464,0.01245551601423489,0.028566056425872233,0,"{""I1"": -0.05927835051546382, ""I2"": 0.01245551601423489}",0.7098591549295775,0.6420382165605095,0.6742474916387959,0.8265669515669516,0.8940439720286766,0.79461197302507,0.5577799121387609,0.9212834869440995,504,206,1817,281,99.6751705610659,2808,7164.9523124501575,7538.034591286909
task2_fold1_seed42_replay_relation_cl6_r10_kd0.5_z0.1_a0.1_e8,replay_relation,2,1,42,8,0.1,0.8739957297573363,-0.002733242836702454,0.040925266903914626,0.024640459331547848,0,"{""I1"": -0.046391752577319534, ""I2"": 0.040925266903914626}",0.7325581395348837,0.6420382165605095,0.6843177189409368,0.8344017094017094,0.8994713659161679,0.8037244686754758,0.5750274410628868,0.9244089688801227,504,184,1839,281,101.72568490798585,2808,7916.9784261882305,8299.835124018835
task2_fold1_seed42_replay_relation_cl6_r10_kd0.5_z0.1_a0_e8,replay_relation,2,1,42,8,0.1,0.8693017571372416,0.004017316652602965,0.03380782918149461,0.025621858605129,0,"{""I1"": -0.02577319587628868, ""I2"": 0.03380782918149461}",0.7852564102564102,0.6242038216560509,0.6955287437899219,0.8472222222222222,0.9043968880171026,0.8187696513843042,0.6023120508215106,0.9279354723175948,490,134,1889,295,100.60232219193131,2808,7714.517897565849,8091.081740488298
task2_fold1_seed42_replay_relation_cl6_r20_kd0.5_z0.1_a0.1_e8,replay_relation,2,1,42,8,0.2,0.8552069618771617,-0.006383681256191098,0.028469750889679624,0.014115640019077724,0,"{""I1"": -0.04123711340206182, ""I2"": 0.028469750889679624}",0.8123861566484517,0.5681528662420382,0.6686656671664168,0.8425925925925926,0.9142372273000621,0.8225668531586584,0.5853009476131691,0.9318085892159966,446,103,1920,339,99.96936645498499,2808,8725.66019383783,9101.543445719988
task2_fold1_seed42_replay_supcon_t0.07_l0.2_r10_e8,replay,2,1,42,8,0.1,0.8617880725922399,-0.02123307774149763,0.014234875444839812,0.025099057122940915,0,"{""I1"": -0.05670103092783507, ""I2"": 0.014234875444839812}",0.7831932773109244,0.5936305732484076,0.6753623188405797,0.8404558404558404,0.8942416981779598,0.8030260132295173,0.5818993921796919,0.9221153972979116,466,129,1894,319,100.15875652804971,2808,6860.026605286985,7237.078083286993
task2_fold2_seed123_ewc_cl6_l10_e8,ewc,2,2,123,8,,0.8203806324685758,0.019903972064600595,0.032911392405063244,-0.019903972064600595,0,"{""I1"": 0.032911392405063244, ""I2"": 0.006896551724137945}",0.6432203389830509,0.66,0.6515021459227468,0.7906676978602732,0.8545825035448563,0.6380229281236651,0.5020278952368353,0.880522171028072,759,421,2308,391,196.53802749607712,3879,5922.45755664492,6734.05240237806
task2_fold2_seed123_naive_cl6_e8,naive,2,2,123,8,,0.8304590672315039,-0.00469227411610651,0.03544303797468351,0.00469227411610651,0,"{""I1"": 0.03544303797468351, ""I2"": -0.04482758620689653}",0.649183147033534,0.6565217391304348,0.6528318201469953,0.7929878834751225,0.8568024598913442,0.670996427849501,0.5053799141004552,0.8842566590111374,755,408,2321,395,195.73667088500224,3879,5900.569996186066,6581.983146417886
task2_fold2_seed123_replay_cl6_r10_e8,replay,2,2,123,8,0.1,0.8466191658038773,0.0132256656481885,0.013793103448275779,-0.0132256656481885,0,"{""I1"": 0.012658227848101222, ""I2"": 0.013793103448275779}",0.6317539484621779,0.6608695652173913,0.64598385040374,0.7852539314256252,0.8418461930632339,0.6125850367374956,0.4922367038284753,0.8704026034780785,760,443,2286,390,196.44746363093145,3879,6281.727181497961,6965.169841968222
task2_fold2_seed123_replay_r10_e8,replay,2,2,123,8,0.1,0.8276214565010042,0.01898734177215189,0.03797468354430378,-0.01898734177215189,0,"{""I1"": 0.03797468354430378, ""I2"": 0.0}",0.6746849942726232,0.5121739130434783,0.5823035096391498,0.7821603506058262,0.8613704653719312,0.6849211206089072,0.4462955724197977,0.8859053326254012,589,284,2445,561,196.5575934270164,3879,5525.909910009825,6204.22015183093
task2_fold2_seed123_replay_relation_cl6_r10_kd0.5_z0.1_a0.1_e8,replay_relation,2,2,123,8,0.1,0.8549511109424192,-0.004015713662156306,0.012658227848101222,0.004015713662156306,0,"{""I1"": 0.012658227848101222, ""I2"": -0.020689655172413834}",0.6646942800788954,0.5860869565217391,0.6229205175600739,0.7896365042536736,0.8581069670368187,0.6251183242225619,0.4796675572838037,0.8826483930865366,674,340,2389,476,195.4034103420563,3879,6343.22366183484,7023.137908158125
task2_fold2_seed123_replay_supcon_t0.07_l0.2_r10_e8,replay,2,2,123,8,0.1,0.8481227037676661,0.006547359231776517,0.020689655172413834,0.008642514185944972,0,"{""I1"": -0.0075949367088608, ""I2"": 0.020689655172413834}",0.7066666666666667,0.5530434782608695,0.6204878048780488,0.7994328435163702,0.8517048767664538,0.6156629546756891,0.49368413123291816,0.8783237069323313,636,264,2465,514,195.32232163997833,3879,5559.246673190035,6238.089466694975
task2_fold2_seed2024_ewc_cl6_l10_e8,ewc,2,2,2024,8,,0.8815595552350519,-0.017794705294705282,0.06331168831168832,0.017794705294705282,1,"{""I1"": 0.06331168831168832, ""I2"": -0.09890109890109888}",0.6968576709796673,0.6556521739130434,0.6756272401433692,0.8133539572054653,0.8977465865821213,0.7525294105515212,0.5452795099642105,0.9156053832878713,754,328,2401,396,196.2922314060852,3879,5897.343948824797,6789.868837942835
task2_fold2_seed2024_naive_cl6_e8,naive,2,2,2024,8,,0.861056438043193,0.03934815184815188,0.06331168831168832,-0.03934815184815188,1,"{""I1"": 0.06331168831168832, ""I2"": 0.015384615384615441}",0.7422577422577422,0.6460869565217391,0.6908414690841469,0.82856406290281,0.912116876702726,0.8030387116890589,0.5756660913683008,0.9228558387217451,743,258,2471,407,195.8411277681589,3879,5851.733351474628,6615.190624115989
task2_fold2_seed2024_replay_cl6_r10_e8,replay,2,2,2024,8,0.1,0.8535022372770719,0.022577422577422568,0.06493506493506496,-0.022577422577422568,1,"{""I1"": 0.06493506493506496, ""I2"": -0.01978021978021982}",0.7371364653243848,0.5730434782608695,0.6448140900195695,0.8128383604021655,0.9060397979830166,0.7780632264928846,0.5280529786892468,0.9176723562421673,659,235,2494,491,195.95912935165688,3879,6585.938869887963,7351.335885067005
task2_fold2_seed2024_replay_r10_e8,replay,2,2,2024,8,0.1,0.8527169298692479,0.002085414585414558,0.05032467532467533,-0.002085414585414558,1,"{""I1"": 0.05032467532467533, ""I2"": -0.04615384615384621}",0.7679769894534996,0.6965217391304348,0.7305061559507524,0.8476411446249034,0.9198046744308315,0.8146797744281272,0.6261061367559944,0.9319807656738803,801,242,2487,349,195.0907915100688,3879,5868.1793460719055,6627.030913102091
task2_fold2_seed2024_replay_relation_cl6_r10_kd0.5_z0.1_a0.1_e8,replay_relation,2,2,2024,8,0.1,0.8965487051579767,0.024600399600399614,0.03296703296703296,-0.024600399600399614,1,"{""I1"": 0.016233766233766267, ""I2"": 0.03296703296703296}",0.7020517395182873,0.6843478260869565,0.6930867459269044,0.8203145140500129,0.892204821004668,0.7349214413863844,0.5661807882799033,0.9106455055317662,787,334,2395,363,196.02832815423608,3879,6928.81325605046,7694.185536215082
task2_fold2_seed2024_replay_supcon_t0.07_l0.2_r10_e8,replay,2,2,2024,8,0.1,0.8407080777941704,0.035814185814185884,0.05844155844155852,-0.035814185814185884,1,"{""I1"": 0.05844155844155852, ""I2"": 0.013186813186813251}",0.7723214285714286,0.6017391304347826,0.6764418377321603,0.8293374581077597,0.9113393980913538,0.7793024518452535,0.5710439369426767,0.9214870614644158,692,204,2525,458,195.16317347902805,3879,5904.864649392199,6666.187096570036
task2_fold2_seed42_ewc_cl6_l10_e8,ewc,2,2,42,8,,0.8751516179868645,-0.0029412739444554803,-0.002336448598130869,0.0029412739444554803,0,"{""I1"": -0.002336448598130869, ""I2"": -0.0035460992907800915}",0.7369109947643979,0.4895652173913044,0.5882967607105538,0.7968548594998711,0.8720601590007488,0.7035773526480852,0.47761316877322607,0.8896741139766676,563,201,2528,587,197.07023764308542,3879,5794.1503518591635,6653.971798888873
task2_fold2_seed42_joint_cl6_e8,joint,2,2,42,8,,0.8878233898488661,,,,0,{},0.790304396843292,0.6095652173913043,0.68826705940108,0.8362980149523073,0.910502334029028,0.8297728625271404,0.5887529006043428,0.9258110165584464,701,186,2543,449,195.3692689500749,3879,5606.832160537597,5902.899144240655
task2_fold2_seed42_naive_cl6_e8,naive,2,2,42,8,,0.877174341152197,-0.005841121495327117,0.0,0.005841121495327117,0,"{""I1"": -0.011682242990654235, ""I2"": 0.0}",0.6808923375363725,0.6104347826086957,0.6437414030261348,0.7996906419180201,0.8618748705529975,0.7098547137546519,0.5064529713590751,0.8886449141705447,702,329,2400,448,195.51406640117057,3879,5755.407670877641,6485.736705596093
task2_fold2_seed42_replay_cl6_r10_e8,replay,2,2,42,8,0.1,0.8752084387942155,0.0013753562669847619,0.03546099290780136,-0.0013753562669847619,0,"{""I1"": -0.032710280373831835, ""I2"": 0.03546099290780136}",0.7779578606158833,0.41739130434782606,0.5432937181663837,0.7919566898685229,0.8360466487166824,0.6964214798336787,0.45851832291363603,0.8670689026208575,480,137,2592,670,196.26243881508708,3879,6198.517389001558,6929.21949405293
task2_fold2_seed42_replay_kd_cl6_r10_kd0.5_e8,replay_kd,2,2,42,8,0.1,0.8803380804931119,0.0036703784715317322,0.028368794326241065,-0.0036703784715317322,0,"{""I1"": -0.0210280373831776, ""I2"": 0.028368794326241065}",0.7745664739884393,0.5826086956521739,0.6650124069478908,0.8259860788863109,0.8965392642630681,0.7723391759531285,0.5608190169010393,0.9104526053356361,670,195,2534,480,196.40394175285473,3879,6377.556300427765,7108.895680627786
task2_fold2_seed42_replay_r10_e8,replay,2,2,42,8,0.1,0.8261755146473622,0.08316762775899783,0.13829787234042556,-0.08316762775899783,1,"{""I1"": 0.028037383177570097, ""I2"": 0.13829787234042556}",0.7631578947368421,0.4539130434782609,0.569247546346783,0.7963392626965713,0.8530179871588575,0.7210527115229026,0.47281359742592854,0.8747210423907901,522,162,2567,628,196.23508723592386,3879,5553.897159031127,6283.665829785168
task2_fold2_seed42_replay_relation_cl6_r05_kd0.5_z0.1_a0.1_e8,replay_relation,2,2,42,8,0.05,0.8805555538131205,0.008467554848545056,0.049645390070921946,-0.008467554848545056,0,"{""I1"": -0.032710280373831835, ""I2"": 0.049645390070921946}",0.7347140039447732,0.6478260869565218,0.6885397412199631,0.8262438772879608,0.8996612869820128,0.7483769234913811,0.5708783330818348,0.9166951613984808,745,269,2460,405,194.3524111150764,3879,6051.311438989011,6778.481527695083
task2_fold2_seed42_replay_relation_cl6_r10_kd0.5_z0.1_a0.1_e8,replay_relation,2,2,42,8,0.1,0.8791836649919077,0.014267249950288274,0.04255319148936165,-0.014267249950288274,0,"{""I1"": -0.014018691588785104, ""I2"": 0.04255319148936165}",0.7712264150943396,0.568695652173913,0.6546546546546547,0.8221191028615623,0.8928698201284114,0.7662483371305265,0.5498529669214268,0.906800727152326,654,194,2535,496,195.99470963398926,3879,6410.307934393175,7141.226147823036
task2_fold2_seed42_replay_relation_cl6_r10_kd0.5_z0.1_a0_e8,replay_relation,2,2,42,8,0.1,0.8808834975160194,0.013099025651222895,0.04255319148936165,-0.013099025651222895,0,"{""I1"": -0.016355140186915862, ""I2"": 0.04255319148936165}",0.7483443708609272,0.5895652173913043,0.6595330739299611,0.8195411188450632,0.8892532700304299,0.754842354591692,0.5462044227289752,0.9062767563870235,678,228,2501,472,196.52374900132418,3879,6367.845699305646,7097.354946195148
task2_fold2_seed42_replay_relation_cl6_r20_kd0.5_z0.1_a0.1_e8,replay_relation,2,2,42,8,0.2,0.8725123167507182,0.007133624975144193,0.021276595744680882,-0.00246072777888251,0,"{""I1"": -0.007009345794392496, ""I2"": 0.021276595744680882}",0.8203342618384402,0.5121739130434783,0.6306209850107066,0.8221191028615623,0.91075724504915,0.8009475176033529,0.5466877738064644,0.9150076086749196,589,129,2600,561,194.45375036506448,3879,6740.80164353922,7468.279030681006
task2_fold2_seed42_replay_supcon_t0.07_l0.2_r10_e8,replay,2,2,42,8,0.1,0.847647019178007,0.04831146019752103,0.07092198581560283,-0.017937628421820118,1,"{""I1"": 0.025700934579439227, ""I2"": 0.07092198581560283}",0.7651515151515151,0.4391304347826087,0.5580110497237569,0.7937612786800722,0.8674083515222968,0.7429597321866005,0.4646865469571597,0.8837990153416965,505,155,2574,645,196.3613086239202,3879,5571.672966937302,6301.178883151035
task2_fold3_seed123_ewc_cl6_l10_e8,ewc,2,3,123,8,,0.8569409503843466,0.0002272727272726871,0.011363636363636354,0.07931818181818184,0,"{""I1"": 0.011363636363636354, ""I2"": -0.01090909090909098}",0.8590852904820766,0.572959604286892,0.6874381800197824,0.8690969345484673,0.9244147370749567,0.7970712255679074,0.6287660133801378,0.9365559677083898,695,114,3501,518,228.18019427196123,4828,5864.651569891255,6787.223542321008
task2_fold3_seed123_naive_cl6_e8,naive,2,3,123,8,,0.8842236039641701,-0.12715909090909094,-0.12363636363636366,0.14846590909090912,0,"{""I1"": -0.13068181818181823, ""I2"": -0.12363636363636366}",0.9011703511053316,0.5713107996702391,0.6992936427850656,0.8765534382767192,0.9353625260690149,0.8562581506820066,0.6522308473387177,0.9445616017857719,693,76,3539,520,229.22762590507045,4828,5838.4133638988715,6627.78370698099
task2_fold3_seed123_replay_cl6_r10_e8,replay,2,3,123,8,0.1,0.9041768312051331,-0.18113636363636365,-0.1477272727272727,0.2038636363636364,0,"{""I1"": -0.1477272727272727, ""I2"": -0.2145454545454546}",0.8512486427795874,0.6463314097279472,0.7347703842549204,0.8827671913835957,0.9261490606032619,0.8404575827683566,0.6716551280483019,0.9465483167781974,784,137,3478,429,229.1197653990239,4828,6508.989672183059,7298.738600485027
task2_fold3_seed123_replay_r10_e8,replay,2,3,123,8,0.1,0.8766725430404675,-0.10596590909090914,-0.048295454545454586,0.1798295454545455,0,"{""I1"": -0.048295454545454586, ""I2"": -0.1636363636363637}",0.8471953578336557,0.7221764220939819,0.7797062750333779,0.8974730737365368,0.9314252353765512,0.8560129006685717,0.7173086043568326,0.9513391358678902,876,158,3457,337,226.73418224300258,4828,5824.258252290892,6610.035022425931
task2_fold3_seed123_replay_relation_cl6_r10_kd0.5_z0.1_a0.1_e8,replay_relation,2,3,123,8,0.1,0.8660023981957945,-0.08301136363636363,-0.08238636363636365,0.1284659090909091,0,"{""I1"": -0.08238636363636365, ""I2"": -0.08363636363636362}",0.8161490683229814,0.5416323165704864,0.6511397423191279,0.8541839270919636,0.9330405165798366,0.8306215831577645,0.5826155420404171,0.9472990809273989,657,148,3467,556,228.18545013084076,4828,6790.423926467076,7578.022580686025
task2_fold3_seed123_replay_supcon_t0.07_l0.2_r10_e8,replay,2,3,123,8,0.1,0.8705209325964042,-0.11142045454545457,-0.048295454545454586,0.1668181818181818,0,"{""I1"": -0.048295454545454586, ""I2"": -0.17454545454545456}",0.8213132400430571,0.6290189612530915,0.7124183006535948,0.8724109362054681,0.9313659422644724,0.8346160313518842,0.6415677268220195,0.9479373377062413,763,166,3449,450,228.14078931696713,4828,5854.887657759362,6641.553664913983
task2_fold3_seed2024_ewc_cl6_l10_e8,ewc,2,3,2024,8,,0.822236823618879,0.0678038822840078,0.06859205776173283,-0.03531290755476596,1,"{""I1"": 0.06859205776173283, ""I2"": 0.06701570680628277}",0.7473806752037253,0.5292662819455894,0.6196911196911197,0.8367854183927091,0.8868233601178565,0.7378160604645513,0.532158701993801,0.920771473227493,642,217,3398,571,229.37654508510605,4828,5981.290168268606,6878.878267847002
task2_fold3_seed2024_naive_cl6_e8,naive,2,3,2024,8,,0.8326328265412953,0.036953522218232004,0.04502617801047126,-0.008072655792239258,1,"{""I1"": 0.028880866425992746, ""I2"": 0.04502617801047126}",0.7091121495327103,0.5004122011541632,0.5867568873852103,0.8229080364540182,0.8602422579729282,0.7067335812264799,0.49006827795936503,0.9069541953215468,607,249,3366,606,228.22921152273193,4828,5987.452135501429,6757.01600227179
task2_fold3_seed2024_replay_cl6_r10_e8,replay,2,3,2024,8,0.1,0.8341747714812918,0.01408131249173078,0.020942408376963373,-0.01408131249173078,0,"{""I1"": 0.0072202166064981865, ""I2"": 0.020942408376963373}",0.7593457943925234,0.5358615004122012,0.6283228612856452,0.8407207953603977,0.902662374757554,0.7483235572386809,0.543834517613302,0.9279127847155059,650,206,3409,563,229.29004913382232,4828,6341.540341545828,7111.235025858041
task2_fold3_seed2024_replay_r10_e8,replay,2,3,2024,8,0.1,0.8385933798858783,-0.009025270758122761,0.0,0.009025270758122761,0,"{""I1"": -0.018050541516245522, ""I2"": 0.0}",0.7828282828282829,0.638911788953009,0.7035860190649115,0.8647473073736537,0.9207198639907228,0.7938734008874287,0.6224736540522351,0.9424004735562848,775,215,3400,438,226.60115385893732,4828,5663.194778029341,6426.210314646014
task2_fold3_seed2024_replay_relation_cl6_r10_kd0.5_z0.1_a0.1_e8,replay_relation,2,3,2024,8,0.1,0.8279852435646746,-0.0026726142098398853,0.0072202166064981865,0.0026726142098398853,0,"{""I1"": 0.0072202166064981865, ""I2"": -0.012565445026177957}",0.7286821705426356,0.5424567188788129,0.6219281663516069,0.8342999171499585,0.8944619093066241,0.727361208736455,0.5279891871671927,0.9228398070081387,658,245,3370,555,228.65644784411415,4828,6486.909160636831,7255.163175651338
task2_fold3_seed2024_replay_supcon_t0.07_l0.2_r10_e8,replay,2,3,2024,8,0.1,0.7888251451856884,0.04775927571020844,0.12274368231046928,-0.04775927571020844,1,"{""I1"": 0.12274368231046928, ""I2"": -0.027225130890052407}",0.743801652892562,0.4451772464962902,0.556988138215575,0.822079536039768,0.8988892803754622,0.7173631317715038,0.4777617372222988,0.9205374493169848,540,186,3429,673,227.56919454003219,4828,5716.85334970057,6485.4382716950495
task2_fold3_seed42_ewc_cl6_l10_e8,ewc,2,3,42,8,,0.8044703483664942,0.08388157894736842,0.14144736842105265,-0.08388157894736842,1,"{""I1"": 0.14144736842105265, ""I2"": 0.02631578947368418}",0.8623481781376519,0.3511953833470734,0.4991212653778559,0.8229080364540182,0.8880306590999534,0.7541265214086688,0.4756832642025974,0.9111714949524624,426,68,3547,787,228.47058898815885,4828,5890.309076638194,6851.882188555086
task2_fold3_seed42_joint_cl6_e8,joint,2,3,42,8,,0.8903457641128064,,,,0,{},0.7970802919708029,0.45012366034624895,0.5753424657534246,0.8330571665285833,0.8684463722307553,0.7422424545208142,0.5117218146885203,0.9111342356002579,546,139,3476,667,228.63944945624098,4828,5771.437347738072,6079.3850390138105
task2_fold3_seed42_naive_cl6_e8,naive,2,3,42,8,,0.7775485707354091,0.09831871345029242,0.13815789473684215,-0.09831871345029242,1,"{""I1"": 0.13815789473684215, ""I2"": 0.05847953216374269}",0.862144420131291,0.32481450948062657,0.4718562874251497,0.8173156586578293,0.9017173337711901,0.7622781756970384,0.4554300880679021,0.916027308767072,394,63,3552,819,227.26583184301853,4828,5860.147018326912,6690.557272519916
task2_fold3_seed42_replay_cl6_r10_e8,replay,2,3,42,8,0.1,0.8157020223818914,0.08296783625730997,0.13815789473684215,-0.08296783625730997,1,"{""I1"": 0.13815789473684215, ""I2"": 0.02777777777777779}",0.8120063191153238,0.4237427864798021,0.5568797399783315,0.8305716652858326,0.8971919010169909,0.7635874044735619,0.5022250531235959,0.9199887694263441,514,119,3496,699,230.065094984835,4828,6400.376715454971,7237.260453841882
task2_fold3_seed42_replay_kd_cl6_r10_kd0.5_e8,replay_kd,2,3,42,8,0.1,0.8445729414386586,0.03929093567251468,0.042397660818713545,-0.031067251461988354,1,"{""I1"": 0.03618421052631582, ""I2"": 0.042397660818713545}",0.8549723756906077,0.5103050288540808,0.6391326794011358,0.8552195526097763,0.8854534611784051,0.7695008853379397,0.5846430676883015,0.918686064925054,619,105,3510,594,228.06000037491322,4828,6598.706615060102,7433.499688609038
task2_fold3_seed42_replay_r10_e8,replay,2,3,42,8,0.1,0.792636036142777,0.07492690058479534,0.09868421052631582,-0.06834795321637427,1,"{""I1"": 0.09868421052631582, ""I2"": 0.051169590643274865}",0.8761061946902655,0.40807914262159933,0.5568053993250843,0.8367854183927091,0.9155077713885649,0.8048710341161691,0.5244865867016393,0.9315657885614776,495,70,3545,718,229.16689957585186,4828,5759.889636511914,6599.985338501167
task2_fold3_seed42_replay_relation_cl6_r05_kd0.5_z0.1_a0.1_e8,replay_relation,2,3,42,8,0.05,0.821144984385711,0.07035818713450293,0.12171052631578949,-0.07035818713450293,1,"{""I1"": 0.12171052631578949, ""I2"": 0.01900584795321636}",0.8743169398907104,0.3957131079967024,0.5448354143019296,0.8338856669428335,0.8838194798397718,0.7620521913030699,0.5145617505575638,0.9116303405500502,480,69,3546,733,227.17049007094465,4828,6147.74018075096,6977.453531746985
task2_fold3_seed42_replay_relation_cl6_r10_kd0.5_z0.1_a0.1_e8,replay_relation,2,3,42,8,0.1,0.8264758112518794,0.026498538011695882,0.02960526315789469,-0.024853801169590628,1,"{""I1"": 0.02960526315789469, ""I2"": 0.023391812865497075}",0.8461538461538461,0.4806265457543281,0.6130389064143007,0.8475559237779619,0.9039317034569025,0.7826709252502269,0.559624445204054,0.9259880613914003,583,106,3509,630,229.12080480111763,4828,6592.405247250339,7428.7277514459565
task2_fold3_seed42_replay_relation_cl6_r10_kd0.5_z0.1_a0_e8,replay_relation,2,3,42,8,0.1,0.8176314167393076,0.044590643274853736,0.05263157894736836,-0.0330774853801169,1,"{""I1"": 0.05263157894736836, ""I2"": 0.03654970760233911}",0.8613569321533924,0.4814509480626546,0.6176626123744051,0.850248550124275,0.9010102634096504,0.7796302255207191,0.568570900410793,0.9238090220743537,584,94,3521,629,228.32579875178635,4828,6562.655158221722,7397.801729056984
task2_fold3_seed42_replay_relation_cl6_r20_kd0.5_z0.1_a0.1_e8,replay_relation,2,3,42,8,0.2,0.8679088630484396,0.010416666666666685,0.01754385964912286,-0.010416666666666685,0,"{""I1"": 0.003289473684210509, ""I2"": 0.01754385964912286}",0.8022528160200251,0.528441879637263,0.6371769383697813,0.8487986743993372,0.8979321527162516,0.7719018725766276,0.5657401462596574,0.9254517798344235,641,158,3457,572,227.51325018692296,4828,7427.227411194821,8259.650054308004
task2_fold3_seed42_replay_supcon_t0.07_l0.2_r10_e8,replay,2,3,42,8,0.1,0.8307383569875002,0.03764619883040937,0.05921052631578949,-0.03764619883040937,1,"{""I1"": 0.05921052631578949, ""I2"": 0.016081871345029253}",0.7951153324287653,0.4830997526793075,0.601025641025641,0.8388566694283347,0.8685697475139652,0.7450856331172035,0.5322294228716938,0.9087725246405084,586,151,3464,627,227.7539369839942,4828,5762.4605156750185,6596.057308799936
task2_fold4_seed123_ewc_cl6_l10_e8,ewc,2,4,123,8,,0.768732030515923,-0.0008076256867474707,0.048744460856720795,0.0008076256867474707,0,"{""I1"": -0.050359712230215736, ""I2"": 0.048744460856720795}",0.9048275862068965,0.43271767810026385,0.5854529228023204,0.8333034272384712,0.8995455914172905,0.8059827780288467,0.5499108719815528,0.910208804214805,656,69,3988,860,254.484288233798,5573,5519.4851462345105,6594.776188037125
task2_fold4_seed123_naive_cl6_e8,naive,2,4,123,8,,0.777762708269163,-0.012068336468196217,0.03101920236336775,0.0132673772355823,0,"{""I1"": -0.05515587529976018, ""I2"": 0.03101920236336775}",0.9232673267326733,0.4920844327176781,0.6419965576592083,0.8507087744482326,0.9137880519223752,0.8368042794923615,0.6026334391495276,0.9207934367621644,746,62,3995,770,254.890219185967,5573,5529.5108671463095,6474.891516038217
task2_fold4_seed123_replay_cl6_r10_e8,replay,2,4,123,8,0.1,0.8129426549650747,-0.03374671016510278,0.02363367799113736,0.036144791699874945,0,"{""I1"": -0.09112709832134291, ""I2"": 0.02363367799113736}",0.8543599257884972,0.6075197889182058,0.7101002313030069,0.8650636999820563,0.9185768368037783,0.8292971149333207,0.6408460078512527,0.9320623624020468,921,157,3900,595,253.50567744486034,5573,6140.670884055551,7083.423190747853
task2_fold4_seed123_replay_r10_e8,replay,2,4,123,8,0.1,0.7951820346222241,-0.015100475011423697,0.056129985228951185,0.030688004987442896,1,"{""I1"": -0.08633093525179858, ""I2"": 0.056129985228951185}",0.8675623800383877,0.5963060686015831,0.7068021892103206,0.8654225731204019,0.915621099854774,0.8093218965072136,0.641774092401865,0.9285649752760363,904,138,3919,612,253.58566298603546,5573,5487.517689913977,6430.138271662057
task2_fold4_seed123_replay_relation_cl6_r10_kd0.5_z0.1_a0.1_e8,replay_relation,2,4,123,8,0.1,0.7953729610301989,-0.030254083291712253,-0.002954209748892156,0.030254083291712253,0,"{""I1"": -0.05755395683453235, ""I2"": -0.002954209748892156}",0.8469483568075117,0.5949868073878628,0.698953893839597,0.8605777857527364,0.9160213982412885,0.8176042555038541,0.6279558457421837,0.9290901001145296,902,163,3894,614,253.75172044802457,5573,6390.669255746063,7335.684175990988
task2_fold4_seed123_replay_supcon_t0.07_l0.2_r10_e8,replay,2,4,123,8,0.1,0.8295092246723597,-0.05445274504178049,-0.033573141486810565,0.08562780499381889,0,"{""I1"": -0.033573141486810565, ""I2"": -0.07533234859675042}",0.8698630136986302,0.5864116094986808,0.7005516154452325,0.863628207428674,0.9162899981334583,0.8365472472585952,0.6366370151499243,0.9301520213788705,889,133,3924,627,252.50383105198853,5573,5506.397256756667,6445.393322731019
task2_fold4_seed2024_ewc_cl6_l10_e8,ewc,2,4,2024,8,,0.761673060616422,-0.002758956985935701,0.028795811518324665,0.021141309927112162,0,"{""I1"": -0.03431372549019607, ""I2"": 0.028795811518324665}",0.9119010819165378,0.3891820580474934,0.545538603791031,0.8236138525031401,0.8914150791849391,0.7943301652189139,0.5211193297701917,0.9057379423084867,590,57,4000,926,255.17254732409492,5573,5405.181778231636,6375.130046666134
task2_fold4_seed2024_naive_cl6_e8,naive,2,4,2024,8,,0.7689769828586641,-0.0159891181603532,0.03664921465968585,0.022116569140745335,0,"{""I1"": -0.06862745098039225, ""I2"": 0.03664921465968585}",0.8959390862944162,0.4656992084432718,0.6128472222222222,0.8399425802978647,0.90411146440271,0.8086791568004761,0.5689620284100004,0.9158842222323037,706,82,3975,810,253.95121871493757,5573,5365.629002832342,6197.73606908787
task2_fold4_seed2024_replay_cl6_r10_e8,replay,2,4,2024,8,0.1,0.7911949815173628,-0.002200749409711489,0.007853403141361293,0.027936043527358567,0,"{""I1"": -0.01225490196078427, ""I2"": 0.007853403141361293}",0.89618138424821,0.4953825857519789,0.6380628717077316,0.8471200430647766,0.9161007425193629,0.8248159039458126,0.590054041842609,0.9219867076557788,751,87,3970,765,254.52018416766077,5573,5835.675994866062,6670.109818455763
task2_fold4_seed2024_replay_r10_e8,replay,2,4,2024,8,0.1,0.7818501485050741,0.03517349348116211,0.0654450261780104,0.008944153577661429,1,"{""I1"": 0.004901960784313819, ""I2"": 0.0654450261780104}",0.8915801614763552,0.5098944591029023,0.648762064624423,0.8498115916023685,0.9100716342254795,0.8286351764352748,0.5975853158621004,0.9244867455683143,773,94,3963,743,252.53777777892537,5573,5186.824842659989,6016.960569666
task2_fold4_seed2024_replay_relation_cl6_r10_kd0.5_z0.1_a0.1_e8,replay_relation,2,4,2024,8,0.1,0.8356485062865756,-0.07644877322656812,-0.06127450980392157,0.08747818499127402,0,"{""I1"": -0.06127450980392157, ""I2"": -0.09162303664921467}",0.8673196794300979,0.6424802110817942,0.7381583933308071,0.876009330701597,0.9215980978184877,0.8400595995857656,0.6720138134115702,0.9361302406191911,974,149,3908,542,253.6626287829131,5573,6037.105060520116,6871.490658084862
task2_fold4_seed2024_replay_supcon_t0.07_l0.2_r10_e8,replay,2,4,2024,8,0.1,0.8504867808524242,-0.08720228929268042,-0.04450261780104714,0.08842777948875885,0,"{""I1"": -0.1299019607843137, ""I2"": -0.04450261780104714}",0.8756708407871199,0.645778364116095,0.7433561123766135,0.8787008792391889,0.9187599139699909,0.8513796046820363,0.6795408909312396,0.9387866134073084,979,139,3918,537,255.40229397104122,5573,5241.601266006823,6076.77807255392
task2_fold4_seed42_ewc_cl6_l10_e8,ewc,2,4,42,8,,0.8921438591894821,0.016659906396255864,0.038000000000000034,-0.016659906396255864,0,"{""I1"": -0.004680187207488307, ""I2"": 0.038000000000000034}",0.904639175257732,0.4630606860158311,0.612565445026178,0.8406603265745559,0.8746662825189597,0.788534400623658,0.5717698925711044,0.9022940512994115,702,74,3983,814,254.82806691899896,5573,5313.963236491894,6470.264854092849
task2_fold4_seed42_joint_cl6_e8,joint,2,4,42,8,,0.945879482202189,,,,0,{},0.8048076923076923,0.5521108179419525,0.6549295774647887,0.8417369459895927,0.8837172208951205,0.7906455277567783,0.5734692994647841,0.9147079677081147,837,203,3854,679,253.44246212625876,5573,5180.358168771956,5539.284630222246
task2_fold4_seed42_naive_cl6_e8,naive,2,4,42,8,,0.9037149095124111,0.0191201248049922,0.03200000000000003,-0.0191201248049922,0,"{""I1"": 0.006240249609984372, ""I2"": 0.03200000000000003}",0.8502673796791443,0.5244063324538258,0.6487148102815178,0.8455051139422214,0.8679046216741253,0.788256062606901,0.5834271831229353,0.9028205767283873,795,140,3917,721,253.475614272058,5573,5290.071827650536,6318.225121869007
task2_fold4_seed42_replay_cl6_r10_e8,replay,2,4,42,8,0.1,0.88151873861214,0.021101404056162232,0.07020280811232449,-0.021101404056162232,1,"{""I1"": 0.07020280811232449, ""I2"": -0.028000000000000025}",0.9202898550724637,0.4188654353562005,0.5757026291931097,0.8320473712542616,0.8428747537563337,0.7544923356731239,0.5476083192064178,0.8863825545798037,635,55,4002,881,254.74053980689496,5573,5773.474289941136,6804.856944513973
task2_fold4_seed42_replay_kd_cl6_r10_kd0.5_e8,replay_kd,2,4,42,8,0.1,0.914723884833256,-0.0037597503900155815,0.012480499219968855,0.0037597503900155815,0,"{""I1"": 0.012480499219968855, ""I2"": -0.020000000000000018}",0.850187265917603,0.4492084432717678,0.5878290893396634,0.8286380764399784,0.8852896358813035,0.7788394924972265,0.5322946396848774,0.9058347923354151,681,120,3937,835,254.49593050125986,5573,5957.638016556855,6990.757755415048
task2_fold4_seed42_replay_r10_e8,replay,2,4,42,8,0.1,0.8978895571090019,0.008720748829953218,0.03744149765990645,-0.008720748829953218,0,"{""I1"": 0.03744149765990645, ""I2"": -0.020000000000000018}",0.8168498168498168,0.4412928759894459,0.5730192719486081,0.821101740534721,0.8435433268535506,0.7330024866716011,0.5081658939440481,0.8851936142475663,669,150,3907,847,253.87535765161738,5573,5130.791027130559,6160.590228471905
task2_fold4_seed42_replay_relation_cl6_r05_kd0.5_z0.1_a0.1_e8,replay_relation,2,4,42,8,0.05,0.9016668294212685,0.013780031201248044,0.026000000000000023,-0.013780031201248044,0,"{""I1"": 0.0015600624024960652, ""I2"": 0.026000000000000023}",0.8931572629051621,0.49076517150395776,0.6334610472541508,0.8455051139422214,0.8804467082855589,0.8048457161138058,0.5851318924851557,0.9081177870193854,744,89,3968,772,254.08783700002823,5573,5618.114544296637,6649.925986938993
task2_fold4_seed42_replay_relation_cl6_r10_kd0.5_z0.1_a0.1_e8,replay_relation,2,4,42,8,0.1,0.9220831953888843,-0.001439937597503882,0.0031201248049922414,0.001439937597503882,0,"{""I1"": 0.0031201248049922414, ""I2"": -0.006000000000000005}",0.8526682134570766,0.48482849604221634,0.6181665264928511,0.8370715951911,0.8761175674084924,0.7797417117688497,0.5581394836893779,0.903976015580233,735,127,3930,781,253.31207075691782,5573,5935.586903161602,6964.175532846013
task2_fold4_seed42_replay_relation_cl6_r10_kd0.5_z0.1_a0_e8,replay_relation,2,4,42,8,0.1,0.9139901235744086,0.00802028081123246,0.01404056162246492,-0.00802028081123246,0,"{""I1"": 0.01404056162246492, ""I2"": 0.0020000000000000018}",0.8509316770186336,0.45184696569920846,0.5902628177509694,0.8293558227166696,0.8722905067172736,0.7724438684897728,0.534533200257388,0.8999625511082711,685,120,3937,831,254.23472050763667,5573,5913.867981189862,6944.039341818076
task2_fold4_seed42_replay_relation_cl6_r20_kd0.5_z0.1_a0.1_e8,replay_relation,2,4,42,8,0.2,0.9332349184043697,-0.021920436817472633,-0.021840873634945357,0.023480499219968753,0,"{""I1"": -0.021840873634945357, ""I2"": -0.02199999999999991}",0.8527214514407684,0.5270448548812665,0.6514472075010191,0.8465817333572582,0.8935490825655258,0.797298716851004,0.5866560653040814,0.9145329421940246,799,138,3919,717,252.72660929593258,5573,6643.621079858858,7669.740968661034
task2_fold4_seed42_replay_supcon_t0.07_l0.2_r10_e8,replay,2,4,42,8,0.1,0.9211157423396172,-0.030659906396255876,0.004680187207488307,0.04626053042121686,0,"{""I1"": 0.004680187207488307, ""I2"": -0.06600000000000006}",0.8152524167561761,0.5006596306068601,0.6203514507560278,0.8333034272384712,0.8785907350597,0.7782780036555262,0.546688855963413,0.9079319109537413,759,172,3885,757,254.27543170307763,5573,5147.371787452954,6176.252971859998
task2_fold5_seed123_ewc_cl6_l10_e8,ewc,2,5,123,8,,0.8421935765867712,-0.05209097051508749,-0.04580152671755722,0.06640394761432417,0,"{""I1"": -0.04580152671755722, ""I2"": -0.05838041431261776}",0.9319196428571429,0.7298951048951049,0.8186274509803921,0.8802976383047557,0.9590413438641482,0.9361801908542261,0.7434152267423042,0.9469989944821593,835,61,1886,309,117.92546927463263,3091,6148.313355510123,6743.903367700987
task2_fold5_seed123_naive_cl6_e8,naive,2,5,123,8,,0.8128885549921584,0.007419746697143514,0.032015065913371,0.01738941360820001,0,"{""I1"": -0.01717557251908397, ""I2"": 0.032015065913371}",0.9180977542932629,0.6075174825174825,0.731194108364019,0.8346813329019734,0.9316341080593777,0.8938445167988744,0.6463592242726236,0.9129891616124751,695,62,1885,449,117.9810895100236,3091,6123.7642788500525,6590.276378479786
task2_fold5_seed123_replay_cl6_r10_e8,replay,2,5,123,8,0.1,0.8419902072076512,-0.04855091214904905,-0.016949152542372947,0.054276102988743746,0,"{""I1"": -0.08015267175572516, ""I2"": -0.016949152542372947}",0.9239704329461457,0.7648601398601399,0.8369201339072214,0.8896797153024911,0.96112721382367,0.9398793440383799,0.7623747364323391,0.9542780874876926,875,72,1875,269,118.59927697433159,3091,6653.670803906396,7121.654460485093
task2_fold5_seed123_replay_r10_e8,replay,2,5,123,8,0.1,0.8444928068444209,-0.03595764868245138,-0.026717557251908386,0.06840039677405446,0,"{""I1"": -0.026717557251908386, ""I2"": -0.04519774011299438}",0.9401805869074492,0.7281468531468531,0.8206896551724138,0.8822387576835975,0.9641249223298529,0.941627662174414,0.7484222360601667,0.9513549999209778,833,53,1894,311,117.58878957293928,3091,5964.350071167923,6428.82454228506
task2_fold5_seed123_replay_relation_cl6_r10_kd0.5_z0.1_a0.1_e8,replay_relation,2,5,123,8,0.1,0.8369365642420048,-0.002661333218326345,0.024809160305343525,0.036058279783211855,0,"{""I1"": 0.024809160305343525, ""I2"": -0.030131826741996215}",0.9158974358974359,0.7805944055944056,0.8428504011326097,0.8922678744742801,0.9591903987127408,0.9342907894691994,0.7673148513834448,0.9541155425510303,893,82,1865,251,118.06536276917905,3091,6900.333885091357,7368.950617636088
task2_fold5_seed123_replay_supcon_t0.07_l0.2_r10_e8,replay,2,5,123,8,0.1,0.8311645983381494,-0.0021977113612512977,0.043314500941619594,0.03559465792613675,0,"{""I1"": -0.04770992366412219, ""I2"": 0.043314500941619594}",0.9402035623409669,0.6459790209790209,0.7658031088082902,0.8537690067939179,0.9478168852205833,0.923631129219135,0.6894891384424572,0.9373541556920924,739,47,1900,405,117.57000309193972,3091,6004.8844559422,6470.660857403069
task2_fold5_seed2024_ewc_cl6_l10_e8,ewc,2,5,2024,8,,0.860337763120863,-0.015288655334578849,0.04973357015985791,0.05673943253665137,0,"{""I1"": -0.08031088082901561, ""I2"": 0.04973357015985791}",0.8673684210526316,0.7202797202797203,0.7870105062082139,0.8557101261727597,0.9350049026474296,0.9008995644112807,0.6860273988034488,0.9371026977330894,824,126,1821,320,118.09010762674734,3091,6322.172796713188,6894.696146483999
task2_fold5_seed2024_naive_cl6_e8,naive,2,5,2024,8,,0.8671092472519394,-0.007074885651441709,0.08170515097690934,0.03686763176543134,1,"{""I1"": -0.09585492227979275, ""I2"": 0.08170515097690934}",0.8286573146292585,0.7229020979020979,0.7721755368814193,0.8421222905208671,0.92824580401622,0.8876287748653462,0.6557992190188837,0.9284287326278137,827,171,1776,317,118.05672535207123,3091,6292.752580469474,6723.992706988007
task2_fold5_seed2024_replay_cl6_r10_e8,replay,2,5,2024,8,0.1,0.8220215113173331,0.00906275596131012,0.06216696269982236,0.0323880212407624,1,"{""I1"": -0.04404145077720212, ""I2"": 0.06216696269982236}",0.8309426229508197,0.708916083916084,0.7650943396226415,0.8388870915561307,0.9231402264915363,0.889166982700627,0.6483641714567712,0.9231981454177451,811,165,1782,333,118.82856974005699,3091,6812.166663759388,7245.7583913137205
task2_fold5_seed2024_replay_r10_e8,replay,2,5,2024,8,0.1,0.8571930256259009,-0.03345788199780969,0.015985790408525657,0.0800900063501413,0,"{""I1"": -0.08290155440414504, ""I2"": 0.015985790408525657}",0.861522198731501,0.7124125874125874,0.7799043062200957,0.8511808476221288,0.9314976241016303,0.8983075357721158,0.6759020009859243,0.9298525969667418,815,131,1816,329,117.16583565203473,3091,6118.49042701174,6543.772294605966
task2_fold5_seed2024_replay_relation_cl6_r10_kd0.5_z0.1_a0.1_e8,replay_relation,2,5,2024,8,0.1,0.8509920479305583,-0.04518953791218394,0.010657193605683846,0.06591492651322023,0,"{""I1"": -0.10103626943005173, ""I2"": 0.010657193605683846}",0.9081967213114754,0.7263986013986014,0.8071879553181156,0.8715626010999676,0.9470612848887117,0.9233856294266191,0.7226683041164256,0.9389740578071757,831,84,1863,313,117.57374822488055,3091,6985.474020006601,7415.7761423937045
task2_fold5_seed2024_replay_supcon_t0.07_l0.2_r10_e8,replay,2,5,2024,8,0.1,0.8378010915821621,-0.024537774137439128,0.005328596802841923,0.031014458075262985,0,"{""I1"": -0.05440414507772018, ""I2"": 0.005328596802841923}",0.8872651356993737,0.743006993006993,0.8087535680304472,0.8699450016175995,0.9448384820110551,0.9203232961497686,0.717817274106013,0.9436794877605128,850,108,1839,294,119.21862966404296,3091,6207.801259115688,6641.100170168909
task2_fold5_seed42_ewc_cl6_l10_e8,ewc,2,5,42,8,,0.7974848299260189,0.07824873602377541,0.09352517985611508,-0.07824873602377541,1,"{""I1"": 0.09352517985611508, ""I2"": 0.06297229219143574}",0.8962703962703963,0.6722027972027972,0.7682317682317682,0.8498867680362342,0.9395524224106659,0.8857429355421695,0.6754965393226989,0.9256574094900494,769,89,1858,375,118.3426961011719,3091,6264.037137889303,6811.571828342043
task2_fold5_seed42_joint_cl6_e8,joint,2,5,42,8,,0.8625734295767967,,,,0,{},0.9027081243731193,0.7867132867132867,0.8407286314806165,0.8896797153024911,0.9430992094705501,0.9161945033362306,0.7611399737378158,0.9398145187481926,900,97,1850,244,118.38882842194289,3091,6199.172493707389,6353.0049648899585
task2_fold5_seed42_naive_cl6_e8,naive,2,5,42,8,,0.8137959080646486,0.059361578747077925,0.06834532374100721,-0.059361578747077925,1,"{""I1"": 0.06834532374100721, ""I2"": 0.05037783375314864}",0.8890086206896551,0.7211538461538461,0.7963320463320464,0.8634746036881268,0.9411377015383179,0.8940176739258165,0.7039372904161743,0.9299251822298298,825,103,1844,319,118.6981501430273,3091,6271.572099767858,6684.837492792867
task2_fold5_seed42_replay_cl6_r10_e8,replay,2,5,42,8,0.1,0.8396168015783755,0.04335574361669359,0.057934508816120944,-0.037960060163456155,1,"{""I1"": 0.02877697841726623, ""I2"": 0.057934508816120944}",0.8753246753246753,0.5891608391608392,0.7042842215256009,0.8168877385959237,0.9120423746771975,0.8515964712221326,0.6026838453662672,0.8959783577644409,674,96,1851,470,118.75998818897642,3091,6718.66692724498,7130.908881257055
task2_fold5_seed42_replay_kd_cl6_r10_kd0.5_e8,replay_kd,2,5,42,8,0.1,0.8807232731267307,-0.005209937843176304,0.032745591939546626,0.010605621296413736,0,"{""I1"": -0.043165467625899234, ""I2"": 0.032745591939546626}",0.8998899889988999,0.715034965034965,0.7968826108134437,0.865092203170495,0.9425299276994192,0.8949930758969925,0.7081997845147223,0.9383582082210058,818,91,1856,326,117.84724487736821,3091,6961.829781126231,7373.649172677193
task2_fold5_seed42_replay_r10_e8,replay,2,5,42,8,0.1,0.8241563701256616,0.04803562691408586,0.07808564231738035,-0.04803562691408586,1,"{""I1"": 0.017985611510791366, ""I2"": 0.07808564231738035}",0.8653624856156502,0.6573426573426573,0.7471435668156979,0.8353283726949208,0.921385689297862,0.8536171574648839,0.6414611842434621,0.9109631588185443,752,117,1830,392,118.44629431189969,3091,6129.563487851527,6543.12696859194
task2_fold5_seed42_replay_relation_cl6_r05_kd0.5_z0.1_a0.1_e8,replay_relation,2,5,42,8,0.05,0.842992380459593,0.03921497562655163,0.043165467625899234,-0.03921497562655163,1,"{""I1"": 0.043165467625899234, ""I2"": 0.035264483627204024}",0.8821585903083701,0.7001748251748252,0.7807017543859649,0.8544160465868651,0.9307213715919418,0.8883271489435225,0.6839636086170106,0.9284544802481737,801,107,1840,343,117.83546062198002,3091,6718.074927598122,7132.784919800935
task2_fold5_seed42_replay_relation_cl6_r10_kd0.5_z0.1_a0.1_e8,replay_relation,2,5,42,8,0.1,0.8626462369721258,0.022307594730261116,0.030226700251889116,-0.022307594730261116,1,"{""I1"": 0.014388489208633115, ""I2"": 0.030226700251889116}",0.8956336528221512,0.7351398601398601,0.8074891982717235,0.8702685215140731,0.9348244205717242,0.8877246651443381,0.7189681033012836,0.9318507588378444,841,98,1849,303,117.99103354499675,3091,6970.031698905863,7381.832112835953
task2_fold5_seed42_replay_relation_cl6_r10_kd0.5_z0.1_a0_e8,replay_relation,2,5,42,8,0.1,0.8794825179722086,-0.015280974213072895,0.03778337531486142,0.015280974213072895,0,"{""I1"": -0.06834532374100721, ""I2"": 0.03778337531486142}",0.90625,0.7097902097902098,0.796078431372549,0.8654157230669686,0.9383321480779108,0.8940644550980711,0.7094480394446852,0.934713873288843,812,84,1863,332,117.59846375091001,3091,6961.357804726344,7372.6912282626145
task2_fold5_seed42_replay_relation_cl6_r20_kd0.5_z0.1_a0.1_e8,replay_relation,2,5,42,8,0.2,0.8678962551441396,0.006116013989815705,0.007194244604316502,-0.006116013989815705,0,"{""I1"": 0.007194244604316502, ""I2"": 0.005037783375314908}",0.9009584664536742,0.7395104895104895,0.8122899663946231,0.8735037204788094,0.9388556358895341,0.900249269220067,0.7262529277713251,0.9341062922474228,846,93,1854,298,117.06195290689357,3091,7503.952083768789,7913.795354893897
task2_fold5_seed42_replay_supcon_t0.07_l0.2_r10_e8,replay,2,5,42,8,0.1,0.8622358037559142,0.013844843520649519,0.05035971223021585,0.01673069604769578,1,"{""I1"": 0.05035971223021585, ""I2"": -0.02267002518891681}",0.9133771929824561,0.7281468531468531,0.8103112840466926,0.873827240375283,0.9487125611933007,0.9112221326939789,0.727927102367919,0.9394302930801386,833,79,1868,311,117.54530193796381,3091,6108.691511436715,6518.67809671897
