seed,fold,variant,run_name,fixed_train_epochs,epoch_budget_source,f1,mcc,pr_auc,accuracy,precision,recall,roc_auc,roc_auc_legacy,tp,fp,tn,fn,training_seconds_total,training_epochs,training_samples_total,training_ms_per_sample,inference_seconds,test_samples,inference_ms_per_sample
42,1,add_mutual,cl6_task2_fold1_seed42_sci_ablation_add_mutual_e28,28,cl6_task2_fold1_seed42_directed_a1_pos_l010_v2,0.7327823691460055,0.6442946939284377,0.8517780276080522,0.8618233618233618,0.7976011994002998,0.6777070063694267,0.9163165003730979,0.9413707072182856,532,135,1888,253,26681.90656824736,28,283136,94.23706829314308,100.32145618507639,2808,35.72701431092464
42,1,add_negative,cl6_task2_fold1_seed42_sci_ablation_add_negative_e28,28,cl6_task2_fold1_seed42_directed_a1_pos_l010_v2,0.714095744680851,0.6108952154595048,0.824334472529842,0.8468660968660968,0.7468706536856745,0.6840764331210191,0.8927247481982676,0.9265750176540775,537,182,1841,248,26704.8405690121,28,283136,94.3180682393341,100.67835334595293,2808,35.85411443944193
42,1,cl6_full,cl6_task2_fold1_seed42_directed_selected_a1_e28,28,full_cl6_validation_selected_epoch,0.7148014440433214,0.6335613544422096,0.8335068282534511,0.8593304843304843,0.825,0.6305732484076433,0.904028512866368,0.9329422802980496,495,105,1918,290,26538.809849070036,28,283136,93.73166905328193,100.76654961204622,2808,35.885523366113325
42,1,no_aux_cap,cl6_task2_fold1_seed42_sci_ablation_no_aux_cap_e28,28,cl6_task2_fold1_seed42_directed_a1_pos_l010_v2,0.7236580516898609,0.6233026715664992,0.8291596097829079,0.8514957264957265,0.7541436464088398,0.6955414012738853,0.9000991779251977,0.9298717771162571,546,178,1845,239,26293.7074694091,28,283136,92.86599891716031,100.51863334910013,2808,35.79723409868238
42,1,no_curriculum,cl6_task2_fold1_seed42_sci_ablation_no_curriculum_e28,28,cl6_task2_fold1_seed42_directed_a1_pos_l010_v2,0.7385257301808067,0.654519414030479,0.8445056479594042,0.8660968660968661,0.8131699846860643,0.6764331210191082,0.9045051966084299,0.9363228078505857,531,122,1901,254,26496.859619693132,28,283136,93.5835062291377,100.59665350196883,2808,35.8250190534077
42,1,remove_directed_loss,cl5_task2_fold1_seed42_sci_ablation_remove_directed_loss_e28,28,cl6_task2_fold1_seed42_directed_a1_pos_l010_v2,0.7472972972972973,0.6595715649153289,0.8523348775214431,0.8668091168091168,0.7956834532374101,0.7044585987261146,0.9158391869299237,0.9413067872825708,553,142,1881,232,23770.886728589656,28,283136,83.95571996704642,100.34969213115983,2808,35.73706984727914
42,2,add_mutual,cl6_task2_fold2_seed42_sci_ablation_add_mutual_e9,9,cl6_task2_fold2_seed42_fivefold_cl6_tune,0.707635009310987,0.5993312775071893,0.8096247129735672,0.8381026037638567,0.7615230460921844,0.6608695652173913,0.9064683671355966,0.924348862978787,760,238,2491,390,7364.885766534833,9,84096,87.57712336537806,196.59576923889108,3879,50.68207508092062
42,2,add_negative,cl6_task2_fold2_seed42_sci_ablation_add_negative_e9,9,cl6_task2_fold2_seed42_fivefold_cl6_tune,0.7058823529411765,0.5955738379646661,0.8216693450583091,0.8362980149523073,0.755203171456888,0.662608695652174,0.9110940462344863,0.9280412153117762,762,247,2482,388,7371.130550801987,9,84096,87.65138116916366,196.8870794698596,3879,50.75717439284857
42,2,cl6_full,cl6_task2_fold2_seed42_fivefold_cl6_full_e9,9,full_cl6_validation_selected_epoch,0.7023696682464455,0.5969707945990745,0.809598770514664,0.8381026037638567,0.771875,0.6443478260869565,0.9064989564580114,0.9244039915619706,741,219,2510,409,7277.060443240451,9,84096,86.53277734066366,197.3031733611133,3879,50.86444273295006
42,2,no_aux_cap,cl6_task2_fold2_seed42_sci_ablation_no_aux_cap_e9,9,cl6_task2_fold2_seed42_fivefold_cl6_tune,0.6981040350024307,0.5989455828430299,0.8270808291275811,0.839907192575406,0.7916207276736494,0.6243478260869565,0.9138308346742714,0.9292327437067184,718,189,2540,432,7267.452297863318,9,84096,86.41852523144166,196.67201176611707,3879,50.70173028257723
42,2,no_curriculum,cl6_task2_fold2_seed42_sci_ablation_no_curriculum_e9,9,cl6_task2_fold2_seed42_fivefold_cl6_tune,0.6976744186046512,0.5972513838900031,0.81035465853553,0.8391337973704563,0.787746170678337,0.6260869565217392,0.9107785938470853,0.9227553844077226,720,194,2535,430,7536.988907973049,9,84096,89.6236314209124,196.11220433702692,3879,50.55741282212605
42,2,remove_directed_loss,cl5_task2_fold2_seed42_sci_ablation_remove_directed_loss_e9,9,cl6_task2_fold2_seed42_fivefold_cl6_tune,0.6948083454633673,0.5937894481100532,0.8191772662683726,0.8378448053622067,0.7859495060373216,0.6226086956521739,0.9078780250768714,0.9258058326772068,716,195,2534,434,6734.295179346111,9,84096,80.07866223537518,196.63684398215264,3879,50.69266408408163
42,3,add_mutual,cl6_task2_fold3_seed42_sci_ablation_add_mutual_e22,22,cl6_task2_fold3_seed42_fivefold_cl6_tune,0.5938494167550371,0.5389773018460442,0.7972975921789944,0.8413421706710853,0.8320950965824666,0.46166529266281947,0.9112099329645758,0.9340214737423027,560,113,3502,653,18366.29335559951,22,202752,90.58501694483661,228.76520159188658,4828,47.383016071227544
42,3,add_negative,cl6_task2_fold3_seed42_sci_ablation_add_negative_e22,22,cl6_task2_fold3_seed42_fivefold_cl6_tune,0.5169590643274854,0.4983689467639401,0.7909521428907498,0.8289146644573322,0.8893360160965795,0.36438582028029676,0.8884851636090805,0.9166168516778336,442,55,3560,771,18425.775113748387,22,202752,90.87838893696923,228.83837754209526,4828,47.39817264749281
42,3,cl6_full,cl6_task2_fold3_seed42_fivefold_cl6_full_e22,22,full_cl6_validation_selected_epoch,0.6864784546805349,0.6281042047438834,0.8289214540195664,0.8688898094449047,0.8598014888337469,0.5713107996702391,0.9260092656890144,0.944694444139372,693,113,3502,520,18025.852627829416,22,202752,88.90591771143771,228.57887837197632,4828,47.34442385500752
42,3,no_aux_cap,cl6_task2_fold3_seed42_sci_ablation_no_aux_cap_e22,22,cl6_task2_fold3_seed42_fivefold_cl6_tune,0.5028968713789108,0.47281754509426255,0.7927923556351526,0.8222866611433306,0.8460038986354775,0.3577906018136851,0.9108954514201271,0.9272559304361673,434,79,3536,779,18069.912940652575,22,202752,89.12322907124258,229.04720995319076,4828,47.44142708226818
42,3,no_curriculum,cl6_task2_fold3_seed42_sci_ablation_no_curriculum_e22,22,cl6_task2_fold3_seed42_fivefold_cl6_tune,0.6615541922290389,0.6091978731574956,0.7984077528445512,0.8628831814415907,0.8707940780619112,0.5333882934872217,0.9003161919226819,0.9321450352781929,647,96,3519,566,18225.37930792221,22,202752,89.89001000198374,228.0768491809722,4828,47.24044100682937
42,3,remove_directed_loss,cl5_task2_fold3_seed42_sci_ablation_remove_directed_loss_e22,22,cl6_task2_fold3_seed42_fivefold_cl6_tune,0.6285108638049814,0.5837668423530951,0.831832681977202,0.8548053024026512,0.8798219584569733,0.4888705688375927,0.9307668537820454,0.943593116033302,593,81,3534,620,16274.621254829224,22,202752,80.26861019782406,227.75171047099866,4828,47.17309661785391
42,4,add_mutual,cl6_task2_fold4_seed42_sci_ablation_add_mutual_e4,4,cl6_task2_fold4_seed42_fivefold_cl6_tune,0.6221122112211221,0.5535751809787341,0.7875965374238959,0.8356361026377176,0.8303964757709251,0.4973614775725594,0.8808161144326592,0.908921919141239,754,154,3903,762,2875.350269053364,4,34560,83.19879250733113,253.44706690800376,5573,45.47767215288063
42,4,add_negative,cl6_task2_fold4_seed42_sci_ablation_add_negative_e4,4,cl6_task2_fold4_seed42_fivefold_cl6_tune,0.6209744013212222,0.5524759870473755,0.7878323377148222,0.835277229499372,0.8300220750551877,0.49604221635883905,0.8810799991935501,0.9090175778613203,752,154,3903,764,2893.7145340717398,4,34560,83.73016591642765,254.11480187810957,5573,45.59748822503312
42,4,cl6_full,cl6_task2_fold4_seed42_fivefold_cl6_full_e4,4,full_cl6_validation_selected_epoch,0.6209744013212222,0.5524759870473755,0.7868469323571912,0.835277229499372,0.8300220750551877,0.49604221635883905,0.8804099627797293,0.9086899523796016,752,154,3903,764,2879.4962777881883,4,34560,83.31875803785267,253.06320413784124,5573,45.4087931343695
42,4,no_aux_cap,cl6_task2_fold4_seed42_sci_ablation_no_aux_cap_e4,4,cl6_task2_fold4_seed42_fivefold_cl6_tune,0.6266447368421053,0.5579621067445354,0.7890050008655431,0.8370715951911,0.8318777292576419,0.5026385224274407,0.8812793354331384,0.9094088255681754,762,154,3903,754,2869.841703181155,4,34560,83.03940113371398,254.87283819098957,5573,45.733507660324705
42,4,no_curriculum,cl6_task2_fold4_seed42_sci_ablation_no_curriculum_e4,4,cl6_task2_fold4_seed42_fivefold_cl6_tune,0.6354515050167224,0.5779628292353712,0.8148593744463123,0.8435313116813207,0.867579908675799,0.5013192612137203,0.8943301684505038,0.9163960817080661,760,116,3941,756,3130.862175790826,4,34560,90.59207684579935,253.7675239040982,5573,45.535173856827235
42,4,remove_directed_loss,cl5_task2_fold4_seed42_sci_ablation_remove_directed_loss_e4,4,cl6_task2_fold4_seed42_fivefold_cl6_tune,0.622680412371134,0.5541244060509672,0.7902791248012956,0.8358155392068903,0.8305830583058306,0.4980211081794195,0.8825093343340251,0.9097676504102973,755,154,3903,761,2790.1411352320574,4,34560,80.7332504407424,254.06078895111568,5573,45.587796330722355
42,5,add_mutual,cl6_task2_fold5_seed42_sci_ablation_add_mutual_e7,7,cl6_task2_fold5_seed42_fivefold_cl6_tune,0.8433624253559945,0.7609136452739782,0.9319542470230582,0.8896797153024911,0.888673765730881,0.8024475524475524,0.955387255271693,0.9531444595359924,918,115,1832,226,5952.298785035731,7,65856,90.38354569114023,117.9803145879414,3091,38.16897916141747
42,5,add_negative,cl6_task2_fold5_seed42_sci_ablation_add_negative_e7,7,cl6_task2_fold5_seed42_fivefold_cl6_tune,0.8579439252336448,0.7876788269522397,0.939720733965185,0.9016499514720155,0.9216867469879518,0.8024475524475524,0.9629354017836298,0.956175142849577,918,78,1869,226,5962.295089126099,7,65856,90.53533602293031,118.11753061809577,3091,38.213371277287536
42,5,cl6_full,cl6_task2_fold5_seed42_fivefold_cl6_full_e7,7,full_cl6_validation_selected_epoch,0.8442115292996665,0.7722528148059068,0.9370204991571826,0.8942089938531219,0.9277486910994764,0.7744755244755245,0.9610176674891621,0.9520781312586475,886,69,1878,258,5897.071350228973,7,65856,89.54493668350602,118.34912776504643,3091,38.288297562292605
42,5,no_aux_cap,cl6_task2_fold5_seed42_sci_ablation_no_aux_cap_e7,7,cl6_task2_fold5_seed42_fivefold_cl6_tune,0.8529411764705882,0.7842489583241204,0.9321874512553356,0.8997088320931738,0.9325726141078838,0.7858391608391608,0.9596416039020046,0.9478168477565188,899,65,1882,245,5897.148019163171,7,65856,89.54610087407633,118.28591171791777,3091,38.267845913270065
42,5,no_curriculum,cl6_task2_fold5_seed42_sci_ablation_no_curriculum_e7,7,cl6_task2_fold5_seed42_fivefold_cl6_tune,0.834199338686821,0.7543809859199081,0.9256220372407574,0.8864445163377548,0.9075025693730729,0.7718531468531469,0.9540632710894652,0.9460314177487559,883,90,1857,261,6155.436474765884,7,65856,93.4681194540495,117.72191503806971,3091,38.085381765794146
42,5,remove_directed_loss,cl5_task2_fold5_seed42_sci_ablation_remove_directed_loss_e7,7,cl6_task2_fold5_seed42_fivefold_cl6_tune,0.8495992456388496,0.7773538794192608,0.9340028790400735,0.896797153024911,0.9222108495394064,0.7875874125874126,0.9600775444380992,0.9539644061128201,901,76,1871,243,5522.363890706794,7,65856,83.85513682438645,117.97715087700635,3091,38.16795563798329
