seed,fold,run_name,active_epochs,active_sample_exposures,contributing_sample_exposures,contributing_exposure_rate,directed_evidence_pairs,evidence_pairs_per_contributing_exposure,directed_infonce_negatives,effective_aux_to_classification_ratio,max_epoch_aux_to_classification_ratio
42,1,cl6_task2_fold1_seed42_directed_selected_a1_e28,25,252800,65737,0.26003560126582276,555298,8.44726714027108,8884718,0.03489734546283656,0.04726542650530056
42,2,cl6_task2_fold2_seed42_fivefold_cl6_full_e9,6,56064,14149,0.2523722888127854,119664,8.457417485334652,1914624,0.03586383136197843,0.04492450179575472
42,3,cl6_task2_fold3_seed42_fivefold_cl6_full_e22,19,175104,43949,0.25098798428362573,310498,7.064961660106032,4967930,0.033345653579010606,0.04732131587903865
42,4,cl6_task2_fold4_seed42_fivefold_cl6_full_e4,1,8640,2421,0.28020833333333334,21246,8.775712515489467,339934,0.02275297239894819,0.02275297239894819
42,5,cl6_task2_fold5_seed42_fivefold_cl6_full_e7,4,37632,9266,0.2462266156462585,77402,8.353334772285775,1238424,0.03163362944719885,0.039492354648906436
123,1,cl6_task2_fold1_seed123_sci_cl6_full_e10,7,70784,19164,0.27073915009041594,160452,8.372573575453977,2567218,0.036492579371525245,0.04605012862580544
123,2,cl6_task2_fold2_seed123_sci_cl6_full_e4,1,9344,2461,0.2633775684931507,20652,8.391710686712718,330432,0.02094528287484227,0.02094528287484227
123,3,cl6_task2_fold3_seed123_sci_cl6_full_e7,4,36864,9246,0.2508138020833333,65558,7.09041747782825,1048920,0.033391644769226916,0.04468799675552045
123,4,cl6_task2_fold4_seed123_sci_cl6_full_e6,3,25920,7585,0.2926311728395062,65972,8.697692814765986,1055546,0.035555669390836646,0.04589492566444622
123,5,cl6_task2_fold5_seed123_sci_cl6_full_e5,2,18816,4847,0.2575999149659864,40242,8.302455126882608,643868,0.027840649754544613,0.03744875743361334
2024,1,cl6_task2_fold1_seed2024_sci_cl6_full_e7,4,40448,10950,0.2707179588607595,91698,8.374246575342466,1467160,0.03726328030868838,0.050248137493283995
2024,2,cl6_task2_fold2_seed2024_sci_cl6_full_e7,4,37376,9857,0.2637253852739726,82868,8.407020391599879,1325888,0.039022381238694226,0.04838271151609765
2024,3,cl6_task2_fold3_seed2024_sci_cl6_full_e8,5,46080,11571,0.2511067708333333,82054,7.091349062310949,1312854,0.03138271943398029,0.04115752378717419
2024,4,cl6_task2_fold4_seed2024_sci_cl6_full_e10,7,60480,17697,0.292609126984127,154120,8.708820704074137,2465906,0.03805265075508096,0.04724071768366559
2024,5,cl6_task2_fold5_seed2024_sci_cl6_full_e7,4,37632,9693,0.2575733418367347,80442,8.298978644382544,1287064,0.032407521125799456,0.03821158007094997
