comparison_group,task,seed,fold,objective,run_name,selected_train_epochs,outer_test_evaluations,f1,mcc,pr_auc,accuracy,precision,recall,roc_auc,roc_auc_legacy,tp,fp,tn,fn,training_seconds_total,training_epochs,training_samples_total,training_ms_per_sample,inference_seconds,test_samples,inference_ms_per_sample
seed100_alignment,2,100,1,cl6,cl6_task2_fold1_seed100_pub_seed100_cl6_full_e25,25,1,0.6920821114369502,0.6083055179863036,0.8213528340082277,0.8504273504273504,0.8151986183074266,0.6012738853503184,0.8947133443111228,0.9205175891429452,472,107,1916,313,22993.687830682,25,252800,90.9560436340269,97.96776982198935,2808,34.88880691666287
seed100_alignment,2,100,1,focal,cl5_task2_fold1_seed100_pub_seed100_focal_full_e17,17,1,0.6826086956521739,0.5916086302074878,0.812623916541755,0.844017094017094,0.7915966386554621,0.6,0.9010286167670516,0.9279295115299389,471,124,1899,314,14328.992965232988,17,171904,83.35462214511,98.47764167899732,2808,35.07038521331813
seed100_alignment,2,100,2,cl6,cl6_task2_fold2_seed100_pub_seed100_cl6_full_e7,7,1,0.5821545157780196,0.4891912712990081,0.7583431036102248,0.8020108275328693,0.7776162790697675,0.4652173913043478,0.8697975050583906,0.891257723235372,535,153,2576,615,5519.672776815016,7,65408,84.3883435789967,193.89548767500673,3879,49.985946809746515
seed100_alignment,2,100,2,focal,cl5_task2_fold2_seed100_pub_seed100_focal_full_e3,3,1,0.6938442723196087,0.5553905450061659,0.8053354664579686,0.8063934003609178,0.6531082118188795,0.74,0.8997383975655997,0.9137584926762059,851,452,2277,299,2214.2805948279565,3,28032,78.99117418764115,194.32713405802497,3879,50.09722455736658
seed100_alignment,2,100,3,cl6,cl6_task2_fold3_seed100_pub_seed100_cl6_full_e9,9,1,0.6332288401253918,0.5827100746139007,0.7981867279559476,0.8545981772990886,0.8644793152639088,0.49958779884583676,0.8968343179410696,0.9253963948906165,606,95,3520,607,7098.76831591301,9,82944,85.58507325319505,225.11702540601254,4828,46.62738720091395
seed100_alignment,2,100,3,focal,cl5_task2_fold3_seed100_pub_seed100_focal_full_e7,7,1,0.6350617283950617,0.5604841657177937,0.7637312881992093,0.8469345484672742,0.791871921182266,0.5300906842539159,0.8950505074692217,0.9225158630029604,643,169,3446,570,5109.091108020017,7,64512,79.19598071707615,225.24214018599014,4828,46.653301612674014
seed100_alignment,2,100,4,cl6,cl6_task2_fold4_seed100_pub_seed100_cl6_full_e11,11,1,0.7109737248840804,0.6428551540833235,0.8362979374676949,0.8657814462587475,0.8582089552238806,0.6068601583113457,0.911037341888641,0.9302124882507362,920,152,3905,596,8208.64222869798,11,95040,86.37039382047537,251.9128807730158,5573,45.202383056345916
seed100_alignment,2,100,4,focal,cl5_task2_fold4_seed100_pub_seed100_focal_full_e15,15,1,0.6601859678782755,0.6166033631423197,0.8277577525723986,0.8557329983850709,0.9188235294117647,0.5151715039577837,0.8982395000530047,0.9171146329218163,781,69,3988,735,10309.76636507106,15,129600,79.55066639715324,250.7018833149923,5573,44.9850858272012
seed100_alignment,2,100,5,cl6,cl6_task2_fold5_seed100_pub_seed100_cl6_full_e9,9,1,0.7834645669291339,0.6920334200518228,0.9094908408164495,0.8576512455516014,0.8963963963963963,0.6958041958041958,0.9419830939476549,0.9359014037791018,796,92,1855,348,7504.665936475911,9,84672,88.63220352035987,115.82741628398071,3091,37.47247372500185
seed100_alignment,2,100,5,focal,cl5_task2_fold5_seed100_pub_seed100_focal_full_e1,1,1,0.8396679772826562,0.7453964153830415,0.9049288083169281,0.8812681979941767,0.8393013100436681,0.840034965034965,0.9374405127486791,0.9377642336456296,961,184,1763,183,778.7854927949957,1,9408,82.77907023756332,116.25806854097755,3091,37.6117982986016
standard_contrastive,2,123,1,supcon,cl1_task2_fold1_seed123_pub_supcon_full_t007_l020_e20,20,1,0.6945337620578779,0.5776339434590072,0.821804743452571,0.8308404558404558,0.7012987012987013,0.6878980891719745,0.8858282616156242,0.9173073245144114,540,230,1793,245,16833.850091496017,20,202240,83.23699610114724,98.93508671000018,2808,35.2332929878918
standard_contrastive,2,123,2,supcon,cl1_task2_fold2_seed123_pub_supcon_full_t007_l020_e1,1,1,0.6749252456215292,0.534671461869112,0.7001169686174855,0.8038154163444187,0.6633081444164568,0.6869565217391305,0.87656411808753,0.9002191253184018,790,401,2328,360,750.5672204180009,1,9344,80.32611519884428,193.54730434100202,3879,49.89618570275896
standard_contrastive,2,123,3,supcon,cl1_task2_fold3_seed123_pub_supcon_full_t007_l020_e2,2,1,0.724809483488569,0.636190951774932,0.8146753438320222,0.8653686826843413,0.7449956483899043,0.7056883759274526,0.9191786991775361,0.9433055519137535,856,293,3322,357,1467.4816251719894,2,18432,79.61597358789005,224.98677340699942,4828,46.600408742129126
standard_contrastive,2,123,4,supcon,cl1_task2_fold4_seed123_pub_supcon_full_t007_l020_e5,5,1,0.6963141025641025,0.6380742563042046,0.8276261997057888,0.8639870805670196,0.886734693877551,0.5732189973614775,0.9044735539667912,0.9240724927603156,869,111,3946,647,3459.679886989994,5,43200,80.08518256921282,250.03366319199267,5573,44.865182700877924
standard_contrastive,2,123,5,supcon,cl1_task2_fold5_seed123_pub_supcon_full_t007_l020_e1,1,1,0.8485663082437276,0.7636695130598058,0.9244329551325652,0.890650274991912,0.8704044117647058,0.8277972027972028,0.95309665937555,0.9551298522620384,947,141,1806,197,784.6398227250029,1,9408,83.40134170121205,116.2664849540015,3091,37.61452117567179
standard_contrastive,2,2024,1,supcon,cl1_task2_fold1_seed2024_pub_supcon_full_t007_l020_e3,3,1,0.7054388799138396,0.5803682627838764,0.7663574191921022,0.8051994301994302,0.6110074626865671,0.8343949044585988,0.89955039340577,0.9020188553664338,655,417,1606,130,2547.772271390015,3,30336,83.98510915710756,98.59622592499363,2808,35.11261607015443
standard_contrastive,2,2024,2,supcon,cl1_task2_fold2_seed2024_pub_supcon_full_t007_l020_e7,7,1,0.699613235926085,0.5710108345231357,0.7095338499243563,0.819798917246713,0.6915887850467289,0.7078260869565217,0.877149935475648,0.8956199925285651,814,363,2366,336,5148.642372870017,7,65408,78.71578970263603,193.25458623000304,3879,49.820723441609445
standard_contrastive,2,2024,3,supcon,cl1_task2_fold3_seed2024_pub_supcon_full_t007_l020_e4,4,1,0.6582620441242684,0.5613309786730528,0.7357088143577095,0.8427920463960232,0.7251984126984127,0.6026380873866447,0.878005790200445,0.917475811666137,731,277,3338,482,2924.9538861330075,4,36864,79.34445220629904,224.03444045399374,4828,46.403156680611794
standard_contrastive,2,2024,4,supcon,cl1_task2_fold4_seed2024_pub_supcon_full_t007_l020_e3,3,1,0.7580645161290323,0.7029782191706518,0.8723272954262488,0.8869549614211376,0.9071691176470589,0.6510554089709762,0.9345725131909862,0.9471045592955114,987,101,3956,529,2083.0846770550124,3,25920,80.36592118267795,251.84034480100672,5573,45.189367450386996
standard_contrastive,2,2024,5,supcon,cl1_task2_fold5_seed2024_pub_supcon_full_t007_l020_e1,1,1,0.8106129917657823,0.7092037141999379,0.9003008964118044,0.8660627628599159,0.8502879078694817,0.7744755244755245,0.9268868009237808,0.9327298412094013,886,156,1791,258,779.2356379249977,1,9408,82.8269172964496,116.05269840599794,3091,37.54535697379422
