task,seed,fold,objective,run_name,selected_train_epochs,outer_test_evaluations,threshold_diagnostic_policy,f1,mcc,pr_auc,accuracy,precision,recall,roc_auc,roc_auc_legacy,tp,fp,tn,fn,training_seconds_total,training_epochs,training_samples_total,training_ms_per_sample,inference_seconds,test_samples,inference_ms_per_sample
2,42,1,control,cl5_task2_fold1_seed42_task2_matched_focal_full_mcc_e15,15,1,development_legacy_secondary_outer_analysis,0.6982578397212543,0.6007077318227565,0.8137635675569161,0.8457977207977208,0.7707692307692308,0.6382165605095541,0.8953902730069172,0.9227432457934595,501,149,1874,284,13861.618081809836,15,151680,91.38725001193194,100.0927666380303,2808,35.6455721645407
2,42,1,improved,cl6_task2_fold1_seed42_directed_selected_a1_e28,28,1,development_legacy_secondary_outer_analysis,0.7148014440433214,0.6335613544422096,0.8335068282534511,0.8593304843304843,0.825,0.6305732484076433,0.904028512866368,0.9329422802980496,495,105,1918,290,26538.809849070036,28,283136,93.73166905328193,100.76654961204622,2808,35.885523366113325
2,42,2,control,cl5_task2_fold2_seed42_fivefold_focal_full_e14,14,1,development_legacy_secondary_outer_analysis,0.6533822758259046,0.5676926002786812,0.812431382199274,0.8295952565094097,0.8229854689564069,0.5417391304347826,0.8982376089346312,0.9125941464277642,623,134,2595,527,10487.883325889008,14,130816,80.17278716585898,196.78126154094934,3879,50.7298946999096
2,42,2,improved,cl6_task2_fold2_seed42_fivefold_cl6_full_e9,9,1,development_legacy_secondary_outer_analysis,0.7023696682464455,0.5969707945990745,0.809598770514664,0.8381026037638567,0.771875,0.6443478260869565,0.9064989564580114,0.9244039915619706,741,219,2510,409,7277.060443240451,9,84096,86.53277734066366,197.3031733611133,3879,50.86444273295006
2,42,3,control,cl5_task2_fold3_seed42_fivefold_focal_full_e11,11,1,development_legacy_secondary_outer_analysis,0.5757906215921483,0.5306011698675078,0.7637843209851054,0.8388566694283347,0.8502415458937198,0.43528441879637264,0.8689855974750257,0.9115458903084671,528,93,3522,685,8139.952883960446,11,101376,80.29467412366286,228.50722704199143,4828,47.32958306586401
2,42,3,improved,cl6_task2_fold3_seed42_fivefold_cl6_full_e22,22,1,development_legacy_secondary_outer_analysis,0.6864784546805349,0.6281042047438834,0.8289214540195664,0.8688898094449047,0.8598014888337469,0.5713107996702391,0.9260092656890144,0.944694444139372,693,113,3502,520,18025.852627829416,22,202752,88.90591771143771,228.57887837197632,4828,47.34442385500752
2,42,4,control,cl5_task2_fold4_seed42_fivefold_focal_full_e8,8,1,development_legacy_secondary_outer_analysis,0.5720802919708029,0.5472813038616476,0.819497521410708,0.831688498115916,0.9275147928994083,0.41358839050131924,0.901840071852097,0.916036612916297,627,49,4008,889,5581.8499796511605,8,69120,80.75593141856424,255.41686377907172,5573,45.83112574539238
2,42,4,improved,cl6_task2_fold4_seed42_fivefold_cl6_full_e4,4,1,development_legacy_secondary_outer_analysis,0.6209744013212222,0.5524759870473755,0.7868469323571912,0.835277229499372,0.8300220750551877,0.49604221635883905,0.8804099627797293,0.9086899523796016,752,154,3903,764,2879.4962777881883,4,34560,83.31875803785267,253.06320413784124,5573,45.4087931343695
2,42,5,control,cl5_task2_fold5_seed42_fivefold_focal_full_e1,1,1,development_legacy_secondary_outer_analysis,0.8280048563334682,0.7199832521471755,0.8762110530901529,0.862504043998706,0.7709118311981914,0.8942307692307693,0.926180137274128,0.9281183482043286,1023,304,1643,121,796.1514748181216,1,9408,84.62494417709627,117.8439893501345,3091,38.12487523459544
2,42,5,improved,cl6_task2_fold5_seed42_fivefold_cl6_full_e7,7,1,development_legacy_secondary_outer_analysis,0.8442115292996665,0.7722528148059068,0.9370204991571826,0.8942089938531219,0.9277486910994764,0.7744755244755245,0.9610176674891621,0.9520781312586475,886,69,1878,258,5897.071350228973,7,65856,89.54493668350602,118.34912776504643,3091,38.288297562292605
2,123,1,control,cl5_task2_fold1_seed123_sci_focal_full_e12,12,1,validation_only_no_outer_replay,0.6770318021201414,0.5761467869245329,0.7932741100924826,0.8372507122507122,0.7603174603174603,0.6101910828025477,0.8844914061540688,0.9187446987037443,479,151,1872,306,10335.237510051345,12,121344,85.17304118910985,101.32571303588338,2808,36.08465563955961
2,123,1,improved,cl6_task2_fold1_seed123_sci_cl6_full_e10,10,1,validation_only_no_outer_replay,0.6885694729637235,0.5828444238805709,0.8043495453543961,0.8379629629629629,0.7440828402366864,0.640764331210191,0.8947101958055609,0.9200793444249641,503,173,1850,282,9207.442955269245,10,101120,91.05461783296326,100.67237736610696,2808,35.85198624149108
2,123,2,control,cl5_task2_fold2_seed123_sci_focal_full_e1,1,1,validation_only_no_outer_replay,0.6855036855036855,0.5437010938707858,0.6406712350320062,0.8020108275328693,0.6478328173374613,0.7278260869565217,0.8654487230551084,0.886189349503321,837,455,2274,313,758.0694044008851,1,9344,81.12900303947829,196.15369393816218,3879,50.568108774983806
2,123,2,improved,cl6_task2_fold2_seed123_sci_cl6_full_e4,4,1,validation_only_no_outer_replay,0.688317546233649,0.5646307443496457,0.7580130651455593,0.8218613044599123,0.7150890346766635,0.6634782608695652,0.8895505600076473,0.9100497911793071,763,304,2425,387,3070.573417289881,4,37376,82.15361240608628,195.39681333303452,3879,50.37298616474207
2,123,3,control,cl5_task2_fold3_seed123_sci_focal_full_e7,7,1,validation_only_no_outer_replay,0.7127307146237577,0.6460835533638144,0.8182124344435483,0.874275062137531,0.8366666666666667,0.6207749381698269,0.9109910045507463,0.9367297588837278,753,147,3468,460,5192.116150213173,7,64512,80.48295123718336,228.30052220495418,4828,47.286769305085784
2,123,3,improved,cl6_task2_fold3_seed123_sci_cl6_full_e7,7,1,validation_only_no_outer_replay,0.7363677332131591,0.6634524264639426,0.8254178035435877,0.8788318144159072,0.8121272365805169,0.6735366859027205,0.9269581835327065,0.9456700299756529,817,189,3426,396,5558.993849318707,7,64512,86.16991953929048,228.3286168340128,4828,47.2925884080391
2,123,4,control,cl5_task2_fold4_seed123_sci_focal_full_e11,11,1,validation_only_no_outer_replay,0.6236647493837305,0.5536210762589971,0.764442596181921,0.8356361026377176,0.826797385620915,0.5006596306068601,0.8772155426335666,0.9061504081562147,759,159,3898,757,7678.265773150604,11,95040,80.78983347170248,254.71017740806565,5573,45.70432036749787
2,123,4,improved,cl6_task2_fold4_seed123_sci_cl6_full_e6,6,1,validation_only_no_outer_replay,0.6744366744366744,0.5965412138973368,0.7869199933157283,0.8496321550331958,0.8204158790170132,0.5725593667546174,0.8893687122098487,0.9153392315471962,868,190,3867,648,4451.553779631155,6,51840,85.87102198362567,254.07100358582102,5573,45.58962920972923
2,123,5,control,cl5_task2_fold5_seed123_sci_focal_full_e1,1,1,validation_only_no_outer_replay,0.8493602971522906,0.7559220830668051,0.908082819241675,0.8819152377871239,0.8045347928068803,0.8994755244755245,0.9457615445673998,0.9477016637882013,1029,250,1697,115,792.7290627809707,1,9408,84.2611673874331,118.26025038096122,3091,38.259543960194506
2,123,5,improved,cl6_task2_fold5_seed123_sci_cl6_full_e5,5,1,validation_only_no_outer_replay,0.8515325670498084,0.7850338891282823,0.944939968704796,0.8997088320931738,0.9417372881355932,0.7770979020979021,0.959870124739154,0.9535590380898364,889,55,1892,255,4121.054337603971,5,47040,87.60744765314566,118.45413507288322,3091,38.322269515652934
2,2024,1,control,cl5_task2_fold1_seed2024_sci_focal_full_e5,5,1,validation_only_no_outer_replay,0.7208480565371025,0.6043720339039701,0.7970634784250421,0.8311965811965812,0.6703176341730559,0.7796178343949045,0.9113311566664883,0.9202106719912988,612,301,1722,173,4338.64859778923,5,50560,85.81187891197052,102.0036965420004,2808,36.32610275712265
2,2024,1,improved,cl6_task2_fold1_seed2024_sci_cl6_full_e7,7,1,validation_only_no_outer_replay,0.7394014962593516,0.6355593105634594,0.8275417529781044,0.8511396011396012,0.724053724053724,0.7554140127388536,0.9152132640242309,0.9296720907297831,593,226,1797,192,6457.452267693356,7,70784,91.22756933337132,101.21575096598826,2808,36.04549535825793
2,2024,2,control,cl5_task2_fold2_seed2024_sci_focal_full_e1,1,1,validation_only_no_outer_replay,0.723404255319149,0.6000128429248927,0.7451748550215064,0.7955658674916215,0.6039603960396039,0.9017391304347826,0.8936708780091449,0.8832130706115737,1037,680,2049,113,753.5239400940482,1,9344,80.64254495869523,195.6471971301362,3879,50.437534707433926
2,2024,2,improved,cl6_task2_fold2_seed2024_sci_cl6_full_e7,7,1,validation_only_no_outer_replay,0.6956521739130435,0.5713250466566769,0.76576069163558,0.8231502964681618,0.7101449275362319,0.6817391304347826,0.8935016808195388,0.9113288806451885,784,320,2409,366,5586.105833920417,7,65408,85.4040153180103,195.6137299030088,3879,50.42890690977283
2,2024,3,control,cl5_task2_fold3_seed2024_sci_focal_full_e5,5,1,validation_only_no_outer_replay,0.6298342541436464,0.5303161127468972,0.7324216033444143,0.8334714167357083,0.7132429614181439,0.5638911788953009,0.8711515064441351,0.9143713375579762,684,275,3340,529,3723.961110501783,5,46080,80.81512826609772,229.3634602439124,4828,47.506930456485584
2,2024,3,improved,cl6_task2_fold3_seed2024_sci_cl6_full_e8,8,1,validation_only_no_outer_replay,0.6357811729916215,0.5606553142347575,0.7593978187074367,0.8469345484672742,0.7904411764705882,0.5317394888705689,0.8771503730334926,0.9186575573377886,645,171,3444,568,6386.65051820036,8,73728,86.6244916205561,228.23088904493488,4828,47.2723465296054
2,2024,4,control,cl5_task2_fold4_seed2024_sci_focal_full_e7,7,1,validation_only_no_outer_replay,0.689270043877144,0.6268559192106887,0.840275395180008,0.8602189126143908,0.8718466195761857,0.5699208443271768,0.9219094590736361,0.9331317212848121,864,127,3930,652,4886.282176757697,7,60480,80.7917026580307,254.62129005393945,5573,45.68837072563062
2,2024,4,improved,cl6_task2_fold4_seed2024_sci_cl6_full_e10,10,1,validation_only_no_outer_replay,0.6780793319415449,0.6337845673449577,0.8464038380735965,0.8616544051677731,0.9237770193401593,0.5356200527704486,0.910389742996079,0.9251751438398377,812,67,3990,704,7532.574288324686,10,86400,87.18257278153571,253.94509871699847,5573,45.567037272025566
2,2024,5,control,cl5_task2_fold5_seed2024_sci_focal_full_e1,1,1,validation_only_no_outer_replay,0.8094841930116472,0.690867700185541,0.8902938222094212,0.851827887415076,0.7722222222222223,0.8505244755244755,0.9290480962283736,0.929981963059282,973,287,1660,171,791.1920261078048,1,9408,84.09779189071055,118.67495921300724,3091,38.393710518604735
2,2024,5,improved,cl6_task2_fold5_seed2024_sci_cl6_full_e7,7,1,validation_only_no_outer_replay,0.7745839636913767,0.6893033059535407,0.914850425183104,0.855386606276286,0.9153754469606674,0.6713286713286714,0.9385229562425247,0.9272599371946462,768,71,1876,376,5876.995725994231,7,65856,89.24009545059268,118.46386806108057,3091,38.32541833098692
