label,run_name,method,seed,fold,buffer_ratio,final_average_probe_accuracy,average_forgetting,maximum_forgetting,backward_transfer,outer_f1,outer_mcc,outer_pr_auc,outer_precision,outer_recall,outer_accuracy,outer_roc_auc,outer_roc_auc_legacy,outer_tp,outer_fp,outer_tn,outer_fn,outer_inference_seconds,outer_samples,training_seconds_total,wall_seconds_total
finetune_cl6,task2_fold1_seed42_naive_cl6_e8,naive,42,1,,0.835767017866813,0.028960450526470227,0.06049822064056931,-0.023805811351212458,0.6666666666666666,0.5988919120179422,0.7724717872284894,0.8577154308617234,0.5452229299363057,0.8475783475783476,0.8851670754476388,0.9075564270988061,428.0,71.0,1952.0,357.0,99.97290526283905,2808.0,6860.107819775585,7234.343541228911
finetune_cl6,task2_fold2_seed42_naive_cl6_e8,naive,42,2,,0.877174341152197,-0.005841121495327117,0.0,0.005841121495327117,0.6437414030261348,0.5064529713590751,0.7098547137546519,0.6808923375363725,0.6104347826086957,0.7996906419180201,0.8618748705529975,0.8886449141705447,702.0,329.0,2400.0,448.0,195.51406640117057,3879.0,5755.407670877641,6485.736705596093
finetune_cl6,task2_fold3_seed42_naive_cl6_e8,naive,42,3,,0.7775485707354091,0.09831871345029242,0.13815789473684215,-0.09831871345029242,0.4718562874251497,0.4554300880679021,0.7622781756970384,0.862144420131291,0.32481450948062657,0.8173156586578293,0.9017173337711901,0.916027308767072,394.0,63.0,3552.0,819.0,227.26583184301853,4828.0,5860.147018326912,6690.557272519916
finetune_cl6,task2_fold4_seed42_naive_cl6_e8,naive,42,4,,0.9037149095124111,0.0191201248049922,0.03200000000000003,-0.0191201248049922,0.6487148102815178,0.5834271831229353,0.788256062606901,0.8502673796791443,0.5244063324538258,0.8455051139422214,0.8679046216741253,0.9028205767283873,795.0,140.0,3917.0,721.0,253.475614272058,5573.0,5290.071827650536,6318.225121869007
finetune_cl6,task2_fold5_seed42_naive_cl6_e8,naive,42,5,,0.8137959080646486,0.059361578747077925,0.06834532374100721,-0.059361578747077925,0.7963320463320464,0.7039372904161743,0.8940176739258165,0.8890086206896551,0.7211538461538461,0.8634746036881268,0.9411377015383179,0.9299251822298298,825.0,103.0,1844.0,319.0,118.6981501430273,3091.0,6271.572099767858,6684.837492792867
finetune_cl6,task2_fold1_seed123_naive_cl6_e8,naive,123,1,,0.8257487227885009,0.0424632541885086,0.04710144927536242,0.008364168979340114,0.6393958464443046,0.4972037956194657,0.7570517082549824,0.6318407960199005,0.6471337579617834,0.7959401709401709,0.8582026441149708,0.8887976381076452,508.0,296.0,1727.0,277.0,100.1423358079046,2808.0,6710.857896690955,7119.247474326054
finetune_cl6,task2_fold2_seed123_naive_cl6_e8,naive,123,2,,0.8304590672315039,-0.00469227411610651,0.03544303797468351,0.00469227411610651,0.6528318201469953,0.5053799141004552,0.670996427849501,0.649183147033534,0.6565217391304348,0.7929878834751225,0.8568024598913442,0.8842566590111374,755.0,408.0,2321.0,395.0,195.73667088500224,3879.0,5900.569996186066,6581.983146417886
finetune_cl6,task2_fold3_seed123_naive_cl6_e8,naive,123,3,,0.8842236039641701,-0.12715909090909094,-0.12363636363636366,0.14846590909090912,0.6992936427850656,0.6522308473387177,0.8562581506820066,0.9011703511053316,0.5713107996702391,0.8765534382767192,0.9353625260690149,0.9445616017857719,693.0,76.0,3539.0,520.0,229.22762590507045,4828.0,5838.4133638988715,6627.78370698099
finetune_cl6,task2_fold4_seed123_naive_cl6_e8,naive,123,4,,0.777762708269163,-0.012068336468196217,0.03101920236336775,0.0132673772355823,0.6419965576592083,0.6026334391495276,0.8368042794923615,0.9232673267326733,0.4920844327176781,0.8507087744482326,0.9137880519223752,0.9207934367621644,746.0,62.0,3995.0,770.0,254.890219185967,5573.0,5529.5108671463095,6474.891516038217
finetune_cl6,task2_fold5_seed123_naive_cl6_e8,naive,123,5,,0.8128885549921584,0.007419746697143514,0.032015065913371,0.01738941360820001,0.731194108364019,0.6463592242726236,0.8938445167988744,0.9180977542932629,0.6075174825174825,0.8346813329019734,0.9316341080593777,0.9129891616124751,695.0,62.0,1885.0,449.0,117.9810895100236,3091.0,6123.7642788500525,6590.276378479786
finetune_cl6,task2_fold1_seed2024_naive_cl6_e8,naive,2024,1,,0.8223967093106329,0.014770305470045042,0.027508090614886793,0.0014898571315809517,0.6800554016620498,0.5744043720047832,0.8035699180424969,0.7450682852807283,0.6254777070063694,0.8354700854700855,0.8962214784752417,0.9190227631066307,491.0,168.0,1855.0,294.0,100.84815191524103,2808.0,6513.885652444325,6937.029622835107
finetune_cl6,task2_fold2_seed2024_naive_cl6_e8,naive,2024,2,,0.861056438043193,0.03934815184815188,0.06331168831168832,-0.03934815184815188,0.6908414690841469,0.5756660913683008,0.8030387116890589,0.7422577422577422,0.6460869565217391,0.82856406290281,0.912116876702726,0.9228558387217451,743.0,258.0,2471.0,407.0,195.8411277681589,3879.0,5851.733351474628,6615.190624115989
finetune_cl6,task2_fold3_seed2024_naive_cl6_e8,naive,2024,3,,0.8326328265412953,0.036953522218232004,0.04502617801047126,-0.008072655792239258,0.5867568873852103,0.49006827795936503,0.7067335812264799,0.7091121495327103,0.5004122011541632,0.8229080364540182,0.8602422579729282,0.9069541953215468,607.0,249.0,3366.0,606.0,228.22921152273193,4828.0,5987.452135501429,6757.01600227179
finetune_cl6,task2_fold4_seed2024_naive_cl6_e8,naive,2024,4,,0.7689769828586641,-0.0159891181603532,0.03664921465968585,0.022116569140745335,0.6128472222222222,0.5689620284100004,0.8086791568004761,0.8959390862944162,0.4656992084432718,0.8399425802978647,0.90411146440271,0.9158842222323037,706.0,82.0,3975.0,810.0,253.95121871493757,5573.0,5365.629002832342,6197.73606908787
finetune_cl6,task2_fold5_seed2024_naive_cl6_e8,naive,2024,5,,0.8671092472519394,-0.007074885651441709,0.08170515097690934,0.03686763176543134,0.7721755368814193,0.6557992190188837,0.8876287748653462,0.8286573146292585,0.7229020979020979,0.8421222905208671,0.92824580401622,0.9284287326278137,827.0,171.0,1776.0,317.0,118.05672535207123,3091.0,6292.752580469474,6723.992706988007
ewc_cl6,task2_fold1_seed42_ewc_cl6_l10_e8,ewc,42,1,,0.8578501545693872,0.00637909527827718,0.04626334519572961,-0.00637909527827718,0.6285714285714286,0.532989154303944,0.7499330740724727,0.7669724770642202,0.532484076433121,0.8240740740740741,0.875181904908835,0.9027191845033725,418.0,127.0,1896.0,367.0,100.71861275518313,2808.0,6893.773824034492,7415.798426181078
ewc_cl6,task2_fold2_seed42_ewc_cl6_l10_e8,ewc,42,2,,0.8751516179868645,-0.0029412739444554803,-0.002336448598130869,0.0029412739444554803,0.5882967607105538,0.47761316877322607,0.7035773526480852,0.7369109947643979,0.4895652173913044,0.7968548594998711,0.8720601590007488,0.8896741139766676,563.0,201.0,2528.0,587.0,197.07023764308542,3879.0,5794.1503518591635,6653.971798888873
ewc_cl6,task2_fold3_seed42_ewc_cl6_l10_e8,ewc,42,3,,0.8044703483664942,0.08388157894736842,0.14144736842105265,-0.08388157894736842,0.4991212653778559,0.4756832642025974,0.7541265214086688,0.8623481781376519,0.3511953833470734,0.8229080364540182,0.8880306590999534,0.9111714949524624,426.0,68.0,3547.0,787.0,228.47058898815885,4828.0,5890.309076638194,6851.882188555086
ewc_cl6,task2_fold4_seed42_ewc_cl6_l10_e8,ewc,42,4,,0.8921438591894821,0.016659906396255864,0.038000000000000034,-0.016659906396255864,0.612565445026178,0.5717698925711044,0.788534400623658,0.904639175257732,0.4630606860158311,0.8406603265745559,0.8746662825189597,0.9022940512994115,702.0,74.0,3983.0,814.0,254.82806691899896,5573.0,5313.963236491894,6470.264854092849
ewc_cl6,task2_fold5_seed42_ewc_cl6_l10_e8,ewc,42,5,,0.7974848299260189,0.07824873602377541,0.09352517985611508,-0.07824873602377541,0.7682317682317682,0.6754965393226989,0.8857429355421695,0.8962703962703963,0.6722027972027972,0.8498867680362342,0.9395524224106659,0.9256574094900494,769.0,89.0,1858.0,375.0,118.3426961011719,3091.0,6264.037137889303,6811.571828342043
ewc_cl6,task2_fold1_seed123_ewc_cl6_l10_e8,ewc,123,1,,0.8531422170182577,-0.0005653201767910621,0.05797101449275355,0.026570048309178806,0.6204954954954955,0.4549183226300613,0.7431661216822069,0.5560040363269425,0.7019108280254777,0.75997150997151,0.8566699516074696,0.875621190168911,551.0,440.0,1583.0,234.0,100.68915083794855,2808.0,6778.12000322598,7328.085581505904
ewc_cl6,task2_fold2_seed123_ewc_cl6_l10_e8,ewc,123,2,,0.8203806324685758,0.019903972064600595,0.032911392405063244,-0.019903972064600595,0.6515021459227468,0.5020278952368353,0.6380229281236651,0.6432203389830509,0.66,0.7906676978602732,0.8545825035448563,0.880522171028072,759.0,421.0,2308.0,391.0,196.53802749607712,3879.0,5922.45755664492,6734.05240237806
ewc_cl6,task2_fold3_seed123_ewc_cl6_l10_e8,ewc,123,3,,0.8569409503843466,0.0002272727272726871,0.011363636363636354,0.07931818181818184,0.6874381800197824,0.6287660133801378,0.7970712255679074,0.8590852904820766,0.572959604286892,0.8690969345484673,0.9244147370749567,0.9365559677083898,695.0,114.0,3501.0,518.0,228.18019427196123,4828.0,5864.651569891255,6787.223542321008
ewc_cl6,task2_fold4_seed123_ewc_cl6_l10_e8,ewc,123,4,,0.768732030515923,-0.0008076256867474707,0.048744460856720795,0.0008076256867474707,0.5854529228023204,0.5499108719815528,0.8059827780288467,0.9048275862068965,0.43271767810026385,0.8333034272384712,0.8995455914172905,0.910208804214805,656.0,69.0,3988.0,860.0,254.484288233798,5573.0,5519.4851462345105,6594.776188037125
ewc_cl6,task2_fold5_seed123_ewc_cl6_l10_e8,ewc,123,5,,0.8421935765867712,-0.05209097051508749,-0.04580152671755722,0.06640394761432417,0.8186274509803921,0.7434152267423042,0.9361801908542261,0.9319196428571429,0.7298951048951049,0.8802976383047557,0.9590413438641482,0.9469989944821593,835.0,61.0,1886.0,309.0,117.92546927463263,3091.0,6148.313355510123,6743.903367700987
ewc_cl6,task2_fold1_seed2024_ewc_cl6_l10_e8,ewc,2024,1,,0.83539165862159,-0.004913568553161274,0.014563106796116498,0.008978609203567745,0.6840958605664488,0.5943357329800346,0.8045709344581021,0.7956081081081081,0.6,0.8450854700854701,0.8987006117546306,0.918214569078173,471.0,121.0,1902.0,314.0,100.43257899209857,2808.0,6516.38873432111,7074.034663992003
ewc_cl6,task2_fold2_seed2024_ewc_cl6_l10_e8,ewc,2024,2,,0.8815595552350519,-0.017794705294705282,0.06331168831168832,0.017794705294705282,0.6756272401433692,0.5452795099642105,0.7525294105515212,0.6968576709796673,0.6556521739130434,0.8133539572054653,0.8977465865821213,0.9156053832878713,754.0,328.0,2401.0,396.0,196.2922314060852,3879.0,5897.343948824797,6789.868837942835
ewc_cl6,task2_fold3_seed2024_ewc_cl6_l10_e8,ewc,2024,3,,0.822236823618879,0.0678038822840078,0.06859205776173283,-0.03531290755476596,0.6196911196911197,0.532158701993801,0.7378160604645513,0.7473806752037253,0.5292662819455894,0.8367854183927091,0.8868233601178565,0.920771473227493,642.0,217.0,3398.0,571.0,229.37654508510605,4828.0,5981.290168268606,6878.878267847002
ewc_cl6,task2_fold4_seed2024_ewc_cl6_l10_e8,ewc,2024,4,,0.761673060616422,-0.002758956985935701,0.028795811518324665,0.021141309927112162,0.545538603791031,0.5211193297701917,0.7943301652189139,0.9119010819165378,0.3891820580474934,0.8236138525031401,0.8914150791849391,0.9057379423084867,590.0,57.0,4000.0,926.0,255.17254732409492,5573.0,5405.181778231636,6375.130046666134
ewc_cl6,task2_fold5_seed2024_ewc_cl6_l10_e8,ewc,2024,5,,0.860337763120863,-0.015288655334578849,0.04973357015985791,0.05673943253665137,0.7870105062082139,0.6860273988034488,0.9008995644112807,0.8673684210526316,0.7202797202797203,0.8557101261727597,0.9350049026474296,0.9371026977330894,824.0,126.0,1821.0,320.0,118.09010762674734,3091.0,6322.172796713188,6894.696146483999
focal_replay,task2_fold1_seed42_replay_r10_e8,replay,42,1,0.1,0.8561110640183661,0.004384194885717507,0.05516014234875455,0.007213743258612404,0.6343549536707056,0.5214211676634904,0.7534460379046213,0.7200647249190939,0.5668789808917197,0.8173076923076923,0.8730214003923038,0.9069537534192091,445.0,173.0,1850.0,340.0,100.3062911471352,2808.0,6823.705752756912,7197.517229585908
focal_replay,task2_fold2_seed42_replay_r10_e8,replay,42,2,0.1,0.8261755146473622,0.08316762775899783,0.13829787234042556,-0.08316762775899783,0.569247546346783,0.47281359742592854,0.7210527115229026,0.7631578947368421,0.4539130434782609,0.7963392626965713,0.8530179871588575,0.8747210423907901,522.0,162.0,2567.0,628.0,196.23508723592386,3879.0,5553.897159031127,6283.665829785168
focal_replay,task2_fold3_seed42_replay_r10_e8,replay,42,3,0.1,0.792636036142777,0.07492690058479534,0.09868421052631582,-0.06834795321637427,0.5568053993250843,0.5244865867016393,0.8048710341161691,0.8761061946902655,0.40807914262159933,0.8367854183927091,0.9155077713885649,0.9315657885614776,495.0,70.0,3545.0,718.0,229.16689957585186,4828.0,5759.889636511914,6599.985338501167
focal_replay,task2_fold4_seed42_replay_r10_e8,replay,42,4,0.1,0.8978895571090019,0.008720748829953218,0.03744149765990645,-0.008720748829953218,0.5730192719486081,0.5081658939440481,0.7330024866716011,0.8168498168498168,0.4412928759894459,0.821101740534721,0.8435433268535506,0.8851936142475663,669.0,150.0,3907.0,847.0,253.87535765161738,5573.0,5130.791027130559,6160.590228471905
focal_replay,task2_fold5_seed42_replay_r10_e8,replay,42,5,0.1,0.8241563701256616,0.04803562691408586,0.07808564231738035,-0.04803562691408586,0.7471435668156979,0.6414611842434621,0.8536171574648839,0.8653624856156502,0.6573426573426573,0.8353283726949208,0.921385689297862,0.9109631588185443,752.0,117.0,1830.0,392.0,118.44629431189969,3091.0,6129.563487851527,6543.12696859194
focal_replay,task2_fold1_seed123_replay_r10_e8,replay,123,1,0.1,0.8106306907879527,-0.01882259224997429,0.009456264775413725,0.06965001541782301,0.6231783483691881,0.4981213884084103,0.7345200205358128,0.6844512195121951,0.5719745222929936,0.8066239316239316,0.8465418389161583,0.8900697589711123,449.0,207.0,1816.0,336.0,99.93066667194944,2808.0,6414.552988835028,6823.176484595984
focal_replay,task2_fold2_seed123_replay_r10_e8,replay,123,2,0.1,0.8276214565010042,0.01898734177215189,0.03797468354430378,-0.01898734177215189,0.5823035096391498,0.4462955724197977,0.6849211206089072,0.6746849942726232,0.5121739130434783,0.7821603506058262,0.8613704653719312,0.8859053326254012,589.0,284.0,2445.0,561.0,196.5575934270164,3879.0,5525.909910009825,6204.22015183093
focal_replay,task2_fold3_seed123_replay_r10_e8,replay,123,3,0.1,0.8766725430404675,-0.10596590909090914,-0.048295454545454586,0.1798295454545455,0.7797062750333779,0.7173086043568326,0.8560129006685717,0.8471953578336557,0.7221764220939819,0.8974730737365368,0.9314252353765512,0.9513391358678902,876.0,158.0,3457.0,337.0,226.73418224300258,4828.0,5824.258252290892,6610.035022425931
focal_replay,task2_fold4_seed123_replay_r10_e8,replay,123,4,0.1,0.7951820346222241,-0.015100475011423697,0.056129985228951185,0.030688004987442896,0.7068021892103206,0.641774092401865,0.8093218965072136,0.8675623800383877,0.5963060686015831,0.8654225731204019,0.915621099854774,0.9285649752760363,904.0,138.0,3919.0,612.0,253.58566298603546,5573.0,5487.517689913977,6430.138271662057
focal_replay,task2_fold5_seed123_replay_r10_e8,replay,123,5,0.1,0.8444928068444209,-0.03595764868245138,-0.026717557251908386,0.06840039677405446,0.8206896551724138,0.7484222360601667,0.941627662174414,0.9401805869074492,0.7281468531468531,0.8822387576835975,0.9641249223298529,0.9513549999209778,833.0,53.0,1894.0,311.0,117.58878957293928,3091.0,5964.350071167923,6428.82454228506
focal_replay,task2_fold1_seed2024_replay_r10_e8,replay,2024,1,0.1,0.8282651879916857,0.008445812613465997,0.03721682847896446,-0.0023482516378562357,0.6609907120743034,0.5885032196503762,0.8378167857996205,0.8422090729783037,0.5439490445859873,0.844017094017094,0.9204958266558778,0.9363134227806593,427.0,80.0,1943.0,358.0,99.83720726100728,2808.0,6484.552484960412,6904.29842600401
focal_replay,task2_fold2_seed2024_replay_r10_e8,replay,2024,2,0.1,0.8527169298692479,0.002085414585414558,0.05032467532467533,-0.002085414585414558,0.7305061559507524,0.6261061367559944,0.8146797744281272,0.7679769894534996,0.6965217391304348,0.8476411446249034,0.9198046744308315,0.9319807656738803,801.0,242.0,2487.0,349.0,195.0907915100688,3879.0,5868.1793460719055,6627.030913102091
focal_replay,task2_fold3_seed2024_replay_r10_e8,replay,2024,3,0.1,0.8385933798858783,-0.009025270758122761,0.0,0.009025270758122761,0.7035860190649115,0.6224736540522351,0.7938734008874287,0.7828282828282829,0.638911788953009,0.8647473073736537,0.9207198639907228,0.9424004735562848,775.0,215.0,3400.0,438.0,226.60115385893732,4828.0,5663.194778029341,6426.210314646014
focal_replay,task2_fold4_seed2024_replay_r10_e8,replay,2024,4,0.1,0.7818501485050741,0.03517349348116211,0.0654450261780104,0.008944153577661429,0.648762064624423,0.5975853158621004,0.8286351764352748,0.8915801614763552,0.5098944591029023,0.8498115916023685,0.9100716342254795,0.9244867455683143,773.0,94.0,3963.0,743.0,252.53777777892537,5573.0,5186.824842659989,6016.960569666
focal_replay,task2_fold5_seed2024_replay_r10_e8,replay,2024,5,0.1,0.8571930256259009,-0.03345788199780969,0.015985790408525657,0.0800900063501413,0.7799043062200957,0.6759020009859243,0.8983075357721158,0.861522198731501,0.7124125874125874,0.8511808476221288,0.9314976241016303,0.9298525969667418,815.0,131.0,1816.0,329.0,117.16583565203473,3091.0,6118.49042701174,6543.772294605966
supcon_replay,task2_fold1_seed42_replay_supcon_t0.07_l0.2_r10_e8,replay,42,1,0.1,0.8617880725922399,-0.02123307774149763,0.014234875444839812,0.025099057122940915,0.6753623188405797,0.5818993921796919,0.8030260132295173,0.7831932773109244,0.5936305732484076,0.8404558404558404,0.8942416981779598,0.9221153972979116,466.0,129.0,1894.0,319.0,100.15875652804971,2808.0,6860.026605286985,7237.078083286993
supcon_replay,task2_fold2_seed42_replay_supcon_t0.07_l0.2_r10_e8,replay,42,2,0.1,0.847647019178007,0.04831146019752103,0.07092198581560283,-0.017937628421820118,0.5580110497237569,0.4646865469571597,0.7429597321866005,0.7651515151515151,0.4391304347826087,0.7937612786800722,0.8674083515222968,0.8837990153416965,505.0,155.0,2574.0,645.0,196.3613086239202,3879.0,5571.672966937302,6301.178883151035
supcon_replay,task2_fold3_seed42_replay_supcon_t0.07_l0.2_r10_e8,replay,42,3,0.1,0.8307383569875002,0.03764619883040937,0.05921052631578949,-0.03764619883040937,0.601025641025641,0.5322294228716938,0.7450856331172035,0.7951153324287653,0.4830997526793075,0.8388566694283347,0.8685697475139652,0.9087725246405084,586.0,151.0,3464.0,627.0,227.7539369839942,4828.0,5762.4605156750185,6596.057308799936
supcon_replay,task2_fold4_seed42_replay_supcon_t0.07_l0.2_r10_e8,replay,42,4,0.1,0.9211157423396172,-0.030659906396255876,0.004680187207488307,0.04626053042121686,0.6203514507560278,0.546688855963413,0.7782780036555262,0.8152524167561761,0.5006596306068601,0.8333034272384712,0.8785907350597,0.9079319109537413,759.0,172.0,3885.0,757.0,254.27543170307763,5573.0,5147.371787452954,6176.252971859998
supcon_replay,task2_fold5_seed42_replay_supcon_t0.07_l0.2_r10_e8,replay,42,5,0.1,0.8622358037559142,0.013844843520649519,0.05035971223021585,0.01673069604769578,0.8103112840466926,0.727927102367919,0.9112221326939789,0.9133771929824561,0.7281468531468531,0.873827240375283,0.9487125611933007,0.9394302930801386,833.0,79.0,1868.0,311.0,117.54530193796381,3091.0,6108.691511436715,6518.67809671897
supcon_replay,task2_fold1_seed123_replay_supcon_t0.07_l0.2_r10_e8,replay,123,1,0.1,0.8416902366486085,-0.06498612395929693,-0.021276595744680882,0.11817761332099908,0.669481302774427,0.5330905957022052,0.7804081160083277,0.6357388316151202,0.7070063694267515,0.8048433048433048,0.8757228181643582,0.9007191500068992,555.0,318.0,1705.0,230.0,100.09455130901188,2808.0,6413.053508755984,6821.584547429928
supcon_replay,task2_fold2_seed123_replay_supcon_t0.07_l0.2_r10_e8,replay,123,2,0.1,0.8481227037676661,0.006547359231776517,0.020689655172413834,0.008642514185944972,0.6204878048780488,0.49368413123291816,0.6156629546756891,0.7066666666666667,0.5530434782608695,0.7994328435163702,0.8517048767664538,0.8783237069323313,636.0,264.0,2465.0,514.0,195.32232163997833,3879.0,5559.246673190035,6238.089466694975
supcon_replay,task2_fold3_seed123_replay_supcon_t0.07_l0.2_r10_e8,replay,123,3,0.1,0.8705209325964042,-0.11142045454545457,-0.048295454545454586,0.1668181818181818,0.7124183006535948,0.6415677268220195,0.8346160313518842,0.8213132400430571,0.6290189612530915,0.8724109362054681,0.9313659422644724,0.9479373377062413,763.0,166.0,3449.0,450.0,228.14078931696713,4828.0,5854.887657759362,6641.553664913983
supcon_replay,task2_fold4_seed123_replay_supcon_t0.07_l0.2_r10_e8,replay,123,4,0.1,0.8295092246723597,-0.05445274504178049,-0.033573141486810565,0.08562780499381889,0.7005516154452325,0.6366370151499243,0.8365472472585952,0.8698630136986302,0.5864116094986808,0.863628207428674,0.9162899981334583,0.9301520213788705,889.0,133.0,3924.0,627.0,252.50383105198853,5573.0,5506.397256756667,6445.393322731019
supcon_replay,task2_fold5_seed123_replay_supcon_t0.07_l0.2_r10_e8,replay,123,5,0.1,0.8311645983381494,-0.0021977113612512977,0.043314500941619594,0.03559465792613675,0.7658031088082902,0.6894891384424572,0.923631129219135,0.9402035623409669,0.6459790209790209,0.8537690067939179,0.9478168852205833,0.9373541556920924,739.0,47.0,1900.0,405.0,117.57000309193972,3091.0,6004.8844559422,6470.660857403069
supcon_replay,task2_fold1_seed2024_replay_supcon_t0.07_l0.2_r10_e8,replay,2024,1,0.1,0.8123678128118099,0.04246586155181936,0.0889967637540453,-0.031286999763201484,0.6933721777130372,0.6077486883286937,0.8222138406050379,0.8095238095238095,0.6063694267515923,0.8500712250712251,0.9051770876953253,0.9229273326718128,476.0,112.0,1911.0,309.0,100.10287498799153,2808.0,6534.007858978701,6956.288496527006
supcon_replay,task2_fold2_seed2024_replay_supcon_t0.07_l0.2_r10_e8,replay,2024,2,0.1,0.8407080777941704,0.035814185814185884,0.05844155844155852,-0.035814185814185884,0.6764418377321603,0.5710439369426767,0.7793024518452535,0.7723214285714286,0.6017391304347826,0.8293374581077597,0.9113393980913538,0.9214870614644158,692.0,204.0,2525.0,458.0,195.16317347902805,3879.0,5904.864649392199,6666.187096570036
supcon_replay,task2_fold3_seed2024_replay_supcon_t0.07_l0.2_r10_e8,replay,2024,3,0.1,0.7888251451856884,0.04775927571020844,0.12274368231046928,-0.04775927571020844,0.556988138215575,0.4777617372222988,0.7173631317715038,0.743801652892562,0.4451772464962902,0.822079536039768,0.8988892803754622,0.9205374493169848,540.0,186.0,3429.0,673.0,227.56919454003219,4828.0,5716.85334970057,6485.4382716950495
supcon_replay,task2_fold4_seed2024_replay_supcon_t0.07_l0.2_r10_e8,replay,2024,4,0.1,0.8504867808524242,-0.08720228929268042,-0.04450261780104714,0.08842777948875885,0.7433561123766135,0.6795408909312396,0.8513796046820363,0.8756708407871199,0.645778364116095,0.8787008792391889,0.9187599139699909,0.9387866134073084,979.0,139.0,3918.0,537.0,255.40229397104122,5573.0,5241.601266006823,6076.77807255392
supcon_replay,task2_fold5_seed2024_replay_supcon_t0.07_l0.2_r10_e8,replay,2024,5,0.1,0.8378010915821621,-0.024537774137439128,0.005328596802841923,0.031014458075262985,0.8087535680304472,0.717817274106013,0.9203232961497686,0.8872651356993737,0.743006993006993,0.8699450016175995,0.9448384820110551,0.9436794877605128,850.0,108.0,1839.0,294.0,119.21862966404296,3091.0,6207.801259115688,6641.100170168909
cl6_replay,task2_fold1_seed42_replay_cl6_r10_e8,replay,42,1,0.1,0.8576458379602282,0.009474630370180148,0.10142348754448405,-0.009474630370180148,0.6435024322446143,0.5259838205928193,0.7683901575268809,0.7079510703363915,0.5898089171974522,0.8173076923076923,0.8709301629981331,0.9080693719003904,463.0,191.0,1832.0,322.0,101.133896084968,2808.0,7626.9372366720345,8007.152287662961
cl6_replay,task2_fold2_seed42_replay_cl6_r10_e8,replay,42,2,0.1,0.8752084387942155,0.0013753562669847619,0.03546099290780136,-0.0013753562669847619,0.5432937181663837,0.45851832291363603,0.6964214798336787,0.7779578606158833,0.41739130434782606,0.7919566898685229,0.8360466487166824,0.8670689026208575,480.0,137.0,2592.0,670.0,196.26243881508708,3879.0,6198.517389001558,6929.21949405293
cl6_replay,task2_fold3_seed42_replay_cl6_r10_e8,replay,42,3,0.1,0.8157020223818914,0.08296783625730997,0.13815789473684215,-0.08296783625730997,0.5568797399783315,0.5022250531235959,0.7635874044735619,0.8120063191153238,0.4237427864798021,0.8305716652858326,0.8971919010169909,0.9199887694263441,514.0,119.0,3496.0,699.0,230.065094984835,4828.0,6400.376715454971,7237.260453841882
cl6_replay,task2_fold4_seed42_replay_cl6_r10_e8,replay,42,4,0.1,0.88151873861214,0.021101404056162232,0.07020280811232449,-0.021101404056162232,0.5757026291931097,0.5476083192064178,0.7544923356731239,0.9202898550724637,0.4188654353562005,0.8320473712542616,0.8428747537563337,0.8863825545798037,635.0,55.0,4002.0,881.0,254.74053980689496,5573.0,5773.474289941136,6804.856944513973
cl6_replay,task2_fold5_seed42_replay_cl6_r10_e8,replay,42,5,0.1,0.8396168015783755,0.04335574361669359,0.057934508816120944,-0.037960060163456155,0.7042842215256009,0.6026838453662672,0.8515964712221326,0.8753246753246753,0.5891608391608392,0.8168877385959237,0.9120423746771975,0.8959783577644409,674.0,96.0,1851.0,470.0,118.75998818897642,3091.0,6718.66692724498,7130.908881257055
cl6_replay,task2_fold1_seed123_replay_cl6_r10_e8,replay,123,1,0.1,0.8207024345784752,0.007477644156645091,0.036231884057971064,0.03743961352657005,0.6298110566829951,0.5095646000200563,0.7416840128808757,0.6987577639751553,0.5732484076433121,0.8116096866096866,0.8538350371995932,0.8893320163797374,450.0,194.0,1829.0,335.0,100.65544720599428,2808.0,7121.21311418456,7531.597816079855
cl6_replay,task2_fold2_seed123_replay_cl6_r10_e8,replay,123,2,0.1,0.8466191658038773,0.0132256656481885,0.013793103448275779,-0.0132256656481885,0.64598385040374,0.4922367038284753,0.6125850367374956,0.6317539484621779,0.6608695652173913,0.7852539314256252,0.8418461930632339,0.8704026034780785,760.0,443.0,2286.0,390.0,196.44746363093145,3879.0,6281.727181497961,6965.169841968222
cl6_replay,task2_fold3_seed123_replay_cl6_r10_e8,replay,123,3,0.1,0.9041768312051331,-0.18113636363636365,-0.1477272727272727,0.2038636363636364,0.7347703842549204,0.6716551280483019,0.8404575827683566,0.8512486427795874,0.6463314097279472,0.8827671913835957,0.9261490606032619,0.9465483167781974,784.0,137.0,3478.0,429.0,229.1197653990239,4828.0,6508.989672183059,7298.738600485027
cl6_replay,task2_fold4_seed123_replay_cl6_r10_e8,replay,123,4,0.1,0.8129426549650747,-0.03374671016510278,0.02363367799113736,0.036144791699874945,0.7101002313030069,0.6408460078512527,0.8292971149333207,0.8543599257884972,0.6075197889182058,0.8650636999820563,0.9185768368037783,0.9320623624020468,921.0,157.0,3900.0,595.0,253.50567744486034,5573.0,6140.670884055551,7083.423190747853
cl6_replay,task2_fold5_seed123_replay_cl6_r10_e8,replay,123,5,0.1,0.8419902072076512,-0.04855091214904905,-0.016949152542372947,0.054276102988743746,0.8369201339072214,0.7623747364323391,0.9398793440383799,0.9239704329461457,0.7648601398601399,0.8896797153024911,0.96112721382367,0.9542780874876926,875.0,72.0,1875.0,269.0,118.59927697433159,3091.0,6653.670803906396,7121.654460485093
cl6_replay,task2_fold1_seed2024_replay_cl6_r10_e8,replay,2024,1,0.1,0.8035778075293822,0.04175546609835035,0.046925566343042124,-0.031592864472334115,0.6421725239616614,0.5784808584224274,0.8260777517681953,0.860813704496788,0.5121019108280255,0.8404558404558404,0.9172893885917048,0.9268956319348057,402.0,65.0,1958.0,383.0,100.65450688172132,2808.0,7242.50335586071,7667.470585580915
cl6_replay,task2_fold2_seed2024_replay_cl6_r10_e8,replay,2024,2,0.1,0.8535022372770719,0.022577422577422568,0.06493506493506496,-0.022577422577422568,0.6448140900195695,0.5280529786892468,0.7780632264928846,0.7371364653243848,0.5730434782608695,0.8128383604021655,0.9060397979830166,0.9176723562421673,659.0,235.0,2494.0,491.0,195.95912935165688,3879.0,6585.938869887963,7351.335885067005
cl6_replay,task2_fold3_seed2024_replay_cl6_r10_e8,replay,2024,3,0.1,0.8341747714812918,0.01408131249173078,0.020942408376963373,-0.01408131249173078,0.6283228612856452,0.543834517613302,0.7483235572386809,0.7593457943925234,0.5358615004122012,0.8407207953603977,0.902662374757554,0.9279127847155059,650.0,206.0,3409.0,563.0,229.29004913382232,4828.0,6341.540341545828,7111.235025858041
cl6_replay,task2_fold4_seed2024_replay_cl6_r10_e8,replay,2024,4,0.1,0.7911949815173628,-0.002200749409711489,0.007853403141361293,0.027936043527358567,0.6380628717077316,0.590054041842609,0.8248159039458126,0.89618138424821,0.4953825857519789,0.8471200430647766,0.9161007425193629,0.9219867076557788,751.0,87.0,3970.0,765.0,254.52018416766077,5573.0,5835.675994866062,6670.109818455763
cl6_replay,task2_fold5_seed2024_replay_cl6_r10_e8,replay,2024,5,0.1,0.8220215113173331,0.00906275596131012,0.06216696269982236,0.0323880212407624,0.7650943396226415,0.6483641714567712,0.889166982700627,0.8309426229508197,0.708916083916084,0.8388870915561307,0.9231402264915363,0.9231981454177451,811.0,165.0,1782.0,333.0,118.82856974005699,3091.0,6812.166663759388,7245.7583913137205
relation_replay,task2_fold1_seed42_replay_relation_cl6_r10_kd0.5_z0.1_a0.1_e8,replay_relation,42,1,0.1,0.8739957297573363,-0.002733242836702454,0.040925266903914626,0.024640459331547848,0.6843177189409368,0.5750274410628868,0.8037244686754758,0.7325581395348837,0.6420382165605095,0.8344017094017094,0.8994713659161679,0.9244089688801227,504.0,184.0,1839.0,281.0,101.72568490798585,2808.0,7916.9784261882305,8299.835124018835
relation_replay,task2_fold2_seed42_replay_relation_cl6_r10_kd0.5_z0.1_a0.1_e8,replay_relation,42,2,0.1,0.8791836649919077,0.014267249950288274,0.04255319148936165,-0.014267249950288274,0.6546546546546547,0.5498529669214268,0.7662483371305265,0.7712264150943396,0.568695652173913,0.8221191028615623,0.8928698201284114,0.906800727152326,654.0,194.0,2535.0,496.0,195.99470963398926,3879.0,6410.307934393175,7141.226147823036
relation_replay,task2_fold3_seed42_replay_relation_cl6_r10_kd0.5_z0.1_a0.1_e8,replay_relation,42,3,0.1,0.8264758112518794,0.026498538011695882,0.02960526315789469,-0.024853801169590628,0.6130389064143007,0.559624445204054,0.7826709252502269,0.8461538461538461,0.4806265457543281,0.8475559237779619,0.9039317034569025,0.9259880613914003,583.0,106.0,3509.0,630.0,229.12080480111763,4828.0,6592.405247250339,7428.7277514459565
relation_replay,task2_fold4_seed42_replay_relation_cl6_r10_kd0.5_z0.1_a0.1_e8,replay_relation,42,4,0.1,0.9220831953888843,-0.001439937597503882,0.0031201248049922414,0.001439937597503882,0.6181665264928511,0.5581394836893779,0.7797417117688497,0.8526682134570766,0.48482849604221634,0.8370715951911,0.8761175674084924,0.903976015580233,735.0,127.0,3930.0,781.0,253.31207075691782,5573.0,5935.586903161602,6964.175532846013
relation_replay,task2_fold5_seed42_replay_relation_cl6_r10_kd0.5_z0.1_a0.1_e8,replay_relation,42,5,0.1,0.8626462369721258,0.022307594730261116,0.030226700251889116,-0.022307594730261116,0.8074891982717235,0.7189681033012836,0.8877246651443381,0.8956336528221512,0.7351398601398601,0.8702685215140731,0.9348244205717242,0.9318507588378444,841.0,98.0,1849.0,303.0,117.99103354499675,3091.0,6970.031698905863,7381.832112835953
relation_replay,task2_fold1_seed123_replay_relation_cl6_r10_kd0.5_z0.1_a0.1_e8,replay_relation,123,1,0.1,0.8250854808671645,0.04056172268475694,0.0905797101449276,0.0031735019015314836,0.6767610269914417,0.5576927891988631,0.7848239932572849,0.7002724795640327,0.6547770700636942,0.8251424501424501,0.8858654139812538,0.9085456641991543,514.0,220.0,1803.0,271.0,100.71930758096278,2808.0,7187.74873336684,7598.370155838085
relation_replay,task2_fold2_seed123_replay_relation_cl6_r10_kd0.5_z0.1_a0.1_e8,replay_relation,123,2,0.1,0.8549511109424192,-0.004015713662156306,0.012658227848101222,0.004015713662156306,0.6229205175600739,0.4796675572838037,0.6251183242225619,0.6646942800788954,0.5860869565217391,0.7896365042536736,0.8581069670368187,0.8826483930865366,674.0,340.0,2389.0,476.0,195.4034103420563,3879.0,6343.22366183484,7023.137908158125
relation_replay,task2_fold3_seed123_replay_relation_cl6_r10_kd0.5_z0.1_a0.1_e8,replay_relation,123,3,0.1,0.8660023981957945,-0.08301136363636363,-0.08238636363636365,0.1284659090909091,0.6511397423191279,0.5826155420404171,0.8306215831577645,0.8161490683229814,0.5416323165704864,0.8541839270919636,0.9330405165798366,0.9472990809273989,657.0,148.0,3467.0,556.0,228.18545013084076,4828.0,6790.423926467076,7578.022580686025
relation_replay,task2_fold4_seed123_replay_relation_cl6_r10_kd0.5_z0.1_a0.1_e8,replay_relation,123,4,0.1,0.7953729610301989,-0.030254083291712253,-0.002954209748892156,0.030254083291712253,0.698953893839597,0.6279558457421837,0.8176042555038541,0.8469483568075117,0.5949868073878628,0.8605777857527364,0.9160213982412885,0.9290901001145296,902.0,163.0,3894.0,614.0,253.75172044802457,5573.0,6390.669255746063,7335.684175990988
relation_replay,task2_fold5_seed123_replay_relation_cl6_r10_kd0.5_z0.1_a0.1_e8,replay_relation,123,5,0.1,0.8369365642420048,-0.002661333218326345,0.024809160305343525,0.036058279783211855,0.8428504011326097,0.7673148513834448,0.9342907894691994,0.9158974358974359,0.7805944055944056,0.8922678744742801,0.9591903987127408,0.9541155425510303,893.0,82.0,1865.0,251.0,118.06536276917905,3091.0,6900.333885091357,7368.950617636088
relation_replay,task2_fold1_seed2024_replay_relation_cl6_r10_kd0.5_z0.1_a0.1_e8,replay_relation,2024,1,0.1,0.8362411984836801,0.03686163075222987,0.05339805825242716,-0.004341305548977825,0.7087719298245614,0.6168397621261359,0.8325047763910084,0.7890625,0.643312101910828,0.8522079772079773,0.911874588726461,0.9308585411238545,505.0,135.0,1888.0,280.0,100.67335486738011,2808.0,7494.0191012993455,7917.657154999673
relation_replay,task2_fold2_seed2024_replay_relation_cl6_r10_kd0.5_z0.1_a0.1_e8,replay_relation,2024,2,0.1,0.8965487051579767,0.024600399600399614,0.03296703296703296,-0.024600399600399614,0.6930867459269044,0.5661807882799033,0.7349214413863844,0.7020517395182873,0.6843478260869565,0.8203145140500129,0.892204821004668,0.9106455055317662,787.0,334.0,2395.0,363.0,196.02832815423608,3879.0,6928.81325605046,7694.185536215082
relation_replay,task2_fold3_seed2024_replay_relation_cl6_r10_kd0.5_z0.1_a0.1_e8,replay_relation,2024,3,0.1,0.8279852435646746,-0.0026726142098398853,0.0072202166064981865,0.0026726142098398853,0.6219281663516069,0.5279891871671927,0.727361208736455,0.7286821705426356,0.5424567188788129,0.8342999171499585,0.8944619093066241,0.9228398070081387,658.0,245.0,3370.0,555.0,228.65644784411415,4828.0,6486.909160636831,7255.163175651338
relation_replay,task2_fold4_seed2024_replay_relation_cl6_r10_kd0.5_z0.1_a0.1_e8,replay_relation,2024,4,0.1,0.8356485062865756,-0.07644877322656812,-0.06127450980392157,0.08747818499127402,0.7381583933308071,0.6720138134115702,0.8400595995857656,0.8673196794300979,0.6424802110817942,0.876009330701597,0.9215980978184877,0.9361302406191911,974.0,149.0,3908.0,542.0,253.6626287829131,5573.0,6037.105060520116,6871.490658084862
relation_replay,task2_fold5_seed2024_replay_relation_cl6_r10_kd0.5_z0.1_a0.1_e8,replay_relation,2024,5,0.1,0.8509920479305583,-0.04518953791218394,0.010657193605683846,0.06591492651322023,0.8071879553181156,0.7226683041164256,0.9233856294266191,0.9081967213114754,0.7263986013986014,0.8715626010999676,0.9470612848887117,0.9389740578071757,831.0,84.0,1863.0,313.0,117.57374822488055,3091.0,6985.474020006601,7415.7761423937045
relation_replay_r5,task2_fold1_seed42_replay_relation_cl6_r05_kd0.5_z0.1_a0.1_e8,replay_relation,42,1,0.05,0.8750645866739614,-0.023411417250614464,0.01245551601423489,0.028566056425872233,0.6742474916387959,0.5577799121387609,0.79461197302507,0.7098591549295775,0.6420382165605095,0.8265669515669516,0.8940439720286766,0.9212834869440995,504.0,206.0,1817.0,281.0,99.6751705610659,2808.0,7164.9523124501575,7538.034591286909
relation_replay_r5,task2_fold2_seed42_replay_relation_cl6_r05_kd0.5_z0.1_a0.1_e8,replay_relation,42,2,0.05,0.8805555538131205,0.008467554848545056,0.049645390070921946,-0.008467554848545056,0.6885397412199631,0.5708783330818348,0.7483769234913811,0.7347140039447732,0.6478260869565218,0.8262438772879608,0.8996612869820128,0.9166951613984808,745.0,269.0,2460.0,405.0,194.3524111150764,3879.0,6051.311438989011,6778.481527695083
relation_replay_r5,task2_fold3_seed42_replay_relation_cl6_r05_kd0.5_z0.1_a0.1_e8,replay_relation,42,3,0.05,0.821144984385711,0.07035818713450293,0.12171052631578949,-0.07035818713450293,0.5448354143019296,0.5145617505575638,0.7620521913030699,0.8743169398907104,0.3957131079967024,0.8338856669428335,0.8838194798397718,0.9116303405500502,480.0,69.0,3546.0,733.0,227.17049007094465,4828.0,6147.74018075096,6977.453531746985
relation_replay_r5,task2_fold4_seed42_replay_relation_cl6_r05_kd0.5_z0.1_a0.1_e8,replay_relation,42,4,0.05,0.9016668294212685,0.013780031201248044,0.026000000000000023,-0.013780031201248044,0.6334610472541508,0.5851318924851557,0.8048457161138058,0.8931572629051621,0.49076517150395776,0.8455051139422214,0.8804467082855589,0.9081177870193854,744.0,89.0,3968.0,772.0,254.08783700002823,5573.0,5618.114544296637,6649.925986938993
relation_replay_r5,task2_fold5_seed42_replay_relation_cl6_r05_kd0.5_z0.1_a0.1_e8,replay_relation,42,5,0.05,0.842992380459593,0.03921497562655163,0.043165467625899234,-0.03921497562655163,0.7807017543859649,0.6839636086170106,0.8883271489435225,0.8821585903083701,0.7001748251748252,0.8544160465868651,0.9307213715919418,0.9284544802481737,801.0,107.0,1840.0,343.0,117.83546062198002,3091.0,6718.074927598122,7132.784919800935
relation_replay_r20,task2_fold1_seed42_replay_relation_cl6_r20_kd0.5_z0.1_a0.1_e8,replay_relation,42,1,0.2,0.8552069618771617,-0.006383681256191098,0.028469750889679624,0.014115640019077724,0.6686656671664168,0.5853009476131691,0.8225668531586584,0.8123861566484517,0.5681528662420382,0.8425925925925926,0.9142372273000621,0.9318085892159966,446.0,103.0,1920.0,339.0,99.96936645498499,2808.0,8725.66019383783,9101.543445719988
relation_replay_r20,task2_fold2_seed42_replay_relation_cl6_r20_kd0.5_z0.1_a0.1_e8,replay_relation,42,2,0.2,0.8725123167507182,0.007133624975144193,0.021276595744680882,-0.00246072777888251,0.6306209850107066,0.5466877738064644,0.8009475176033529,0.8203342618384402,0.5121739130434783,0.8221191028615623,0.91075724504915,0.9150076086749196,589.0,129.0,2600.0,561.0,194.45375036506448,3879.0,6740.80164353922,7468.279030681006
relation_replay_r20,task2_fold3_seed42_replay_relation_cl6_r20_kd0.5_z0.1_a0.1_e8,replay_relation,42,3,0.2,0.8679088630484396,0.010416666666666685,0.01754385964912286,-0.010416666666666685,0.6371769383697813,0.5657401462596574,0.7719018725766276,0.8022528160200251,0.528441879637263,0.8487986743993372,0.8979321527162516,0.9254517798344235,641.0,158.0,3457.0,572.0,227.51325018692296,4828.0,7427.227411194821,8259.650054308004
relation_replay_r20,task2_fold4_seed42_replay_relation_cl6_r20_kd0.5_z0.1_a0.1_e8,replay_relation,42,4,0.2,0.9332349184043697,-0.021920436817472633,-0.021840873634945357,0.023480499219968753,0.6514472075010191,0.5866560653040814,0.797298716851004,0.8527214514407684,0.5270448548812665,0.8465817333572582,0.8935490825655258,0.9145329421940246,799.0,138.0,3919.0,717.0,252.72660929593258,5573.0,6643.621079858858,7669.740968661034
relation_replay_r20,task2_fold5_seed42_replay_relation_cl6_r20_kd0.5_z0.1_a0.1_e8,replay_relation,42,5,0.2,0.8678962551441396,0.006116013989815705,0.007194244604316502,-0.006116013989815705,0.8122899663946231,0.7262529277713251,0.900249269220067,0.9009584664536742,0.7395104895104895,0.8735037204788094,0.9388556358895341,0.9341062922474228,846.0,93.0,1854.0,298.0,117.06195290689357,3091.0,7503.952083768789,7913.795354893897
