kind,variant,run_name,method,base_objective,seed,fold,final_average_probe_accuracy,average_forgetting,maximum_forgetting,backward_transfer,outer_f1,outer_mcc,outer_pr_auc,outer_precision,outer_recall,outer_accuracy,outer_roc_auc,outer_roc_auc_legacy,outer_tp,outer_fp,outer_tn,outer_fn,outer_inference_seconds,outer_samples,training_seconds_total,wall_seconds_total
ablation,focal_replay,task2_fold1_seed42_replay_r10_e8,replay,focal,42,1,0.8561110640183661,0.004384194885717507,0.05516014234875455,0.007213743258612404,0.6343549536707056,0.5214211676634904,0.7534460379046213,0.7200647249190939,0.5668789808917197,0.8173076923076923,0.8730214003923038,0.9069537534192091,445.0,173.0,1850.0,340.0,100.3062911471352,2808.0,6823.705752756912,7197.517229585908
ablation,logit_only,task2_fold1_seed42_replay_kd_cl6_r10_kd0.5_e8,replay_kd,cl6,42,1,0.8571026238026146,0.018958432696188132,0.053380782918149516,0.0003714642110283495,0.6843615494978479,0.5906444554895098,0.8069423655627579,0.7832512315270936,0.6076433121019108,0.8433048433048433,0.8978146222895302,0.9232144016688175,477.0,132.0,1891.0,308.0,101.04366124328226,2808.0,7757.716181900818,8135.708219876979
ablation,no_attention,task2_fold1_seed42_replay_relation_cl6_r10_kd0.5_z0.1_a0_e8,replay_relation,cl6,42,1,0.8693017571372416,0.004017316652602965,0.03380782918149461,0.025621858605129,0.6955287437899219,0.6023120508215106,0.8187696513843042,0.7852564102564102,0.6242038216560509,0.8472222222222222,0.9043968880171026,0.9279354723175948,490.0,134.0,1889.0,295.0,100.60232219193131,2808.0,7714.517897565849,8091.081740488298
ablation,focal_replay,task2_fold2_seed42_replay_r10_e8,replay,focal,42,2,0.8261755146473622,0.08316762775899783,0.13829787234042556,-0.08316762775899783,0.569247546346783,0.47281359742592854,0.7210527115229026,0.7631578947368421,0.4539130434782609,0.7963392626965713,0.8530179871588575,0.8747210423907901,522.0,162.0,2567.0,628.0,196.23508723592386,3879.0,5553.897159031127,6283.665829785168
ablation,logit_only,task2_fold2_seed42_replay_kd_cl6_r10_kd0.5_e8,replay_kd,cl6,42,2,0.8803380804931119,0.0036703784715317322,0.028368794326241065,-0.0036703784715317322,0.6650124069478908,0.5608190169010393,0.7723391759531285,0.7745664739884393,0.5826086956521739,0.8259860788863109,0.8965392642630681,0.9104526053356361,670.0,195.0,2534.0,480.0,196.40394175285473,3879.0,6377.556300427765,7108.895680627786
ablation,no_attention,task2_fold2_seed42_replay_relation_cl6_r10_kd0.5_z0.1_a0_e8,replay_relation,cl6,42,2,0.8808834975160194,0.013099025651222895,0.04255319148936165,-0.013099025651222895,0.6595330739299611,0.5462044227289752,0.754842354591692,0.7483443708609272,0.5895652173913043,0.8195411188450632,0.8892532700304299,0.9062767563870235,678.0,228.0,2501.0,472.0,196.52374900132418,3879.0,6367.845699305646,7097.354946195148
ablation,focal_replay,task2_fold3_seed42_replay_r10_e8,replay,focal,42,3,0.792636036142777,0.07492690058479534,0.09868421052631582,-0.06834795321637427,0.5568053993250843,0.5244865867016393,0.8048710341161691,0.8761061946902655,0.40807914262159933,0.8367854183927091,0.9155077713885649,0.9315657885614776,495.0,70.0,3545.0,718.0,229.16689957585186,4828.0,5759.889636511914,6599.985338501167
ablation,logit_only,task2_fold3_seed42_replay_kd_cl6_r10_kd0.5_e8,replay_kd,cl6,42,3,0.8445729414386586,0.03929093567251468,0.042397660818713545,-0.031067251461988354,0.6391326794011358,0.5846430676883015,0.7695008853379397,0.8549723756906077,0.5103050288540808,0.8552195526097763,0.8854534611784051,0.918686064925054,619.0,105.0,3510.0,594.0,228.06000037491322,4828.0,6598.706615060102,7433.499688609038
ablation,no_attention,task2_fold3_seed42_replay_relation_cl6_r10_kd0.5_z0.1_a0_e8,replay_relation,cl6,42,3,0.8176314167393076,0.044590643274853736,0.05263157894736836,-0.0330774853801169,0.6176626123744051,0.568570900410793,0.7796302255207191,0.8613569321533924,0.4814509480626546,0.850248550124275,0.9010102634096504,0.9238090220743537,584.0,94.0,3521.0,629.0,228.32579875178635,4828.0,6562.655158221722,7397.801729056984
ablation,focal_replay,task2_fold4_seed42_replay_r10_e8,replay,focal,42,4,0.8978895571090019,0.008720748829953218,0.03744149765990645,-0.008720748829953218,0.5730192719486081,0.5081658939440481,0.7330024866716011,0.8168498168498168,0.4412928759894459,0.821101740534721,0.8435433268535506,0.8851936142475663,669.0,150.0,3907.0,847.0,253.87535765161738,5573.0,5130.791027130559,6160.590228471905
ablation,logit_only,task2_fold4_seed42_replay_kd_cl6_r10_kd0.5_e8,replay_kd,cl6,42,4,0.914723884833256,-0.0037597503900155815,0.012480499219968855,0.0037597503900155815,0.5878290893396634,0.5322946396848774,0.7788394924972265,0.850187265917603,0.4492084432717678,0.8286380764399784,0.8852896358813035,0.9058347923354151,681.0,120.0,3937.0,835.0,254.49593050125986,5573.0,5957.638016556855,6990.757755415048
ablation,no_attention,task2_fold4_seed42_replay_relation_cl6_r10_kd0.5_z0.1_a0_e8,replay_relation,cl6,42,4,0.9139901235744086,0.00802028081123246,0.01404056162246492,-0.00802028081123246,0.5902628177509694,0.534533200257388,0.7724438684897728,0.8509316770186336,0.45184696569920846,0.8293558227166696,0.8722905067172736,0.8999625511082711,685.0,120.0,3937.0,831.0,254.23472050763667,5573.0,5913.867981189862,6944.039341818076
ablation,focal_replay,task2_fold5_seed42_replay_r10_e8,replay,focal,42,5,0.8241563701256616,0.04803562691408586,0.07808564231738035,-0.04803562691408586,0.7471435668156979,0.6414611842434621,0.8536171574648839,0.8653624856156502,0.6573426573426573,0.8353283726949208,0.921385689297862,0.9109631588185443,752.0,117.0,1830.0,392.0,118.44629431189969,3091.0,6129.563487851527,6543.12696859194
ablation,logit_only,task2_fold5_seed42_replay_kd_cl6_r10_kd0.5_e8,replay_kd,cl6,42,5,0.8807232731267307,-0.005209937843176304,0.032745591939546626,0.010605621296413736,0.7968826108134437,0.7081997845147223,0.8949930758969925,0.8998899889988999,0.715034965034965,0.865092203170495,0.9425299276994192,0.9383582082210058,818.0,91.0,1856.0,326.0,117.84724487736821,3091.0,6961.829781126231,7373.649172677193
ablation,no_attention,task2_fold5_seed42_replay_relation_cl6_r10_kd0.5_z0.1_a0_e8,replay_relation,cl6,42,5,0.8794825179722086,-0.015280974213072895,0.03778337531486142,0.015280974213072895,0.796078431372549,0.7094480394446852,0.8940644550980711,0.90625,0.7097902097902098,0.8654157230669686,0.9383321480779108,0.934713873288843,812.0,84.0,1863.0,332.0,117.59846375091001,3091.0,6961.357804726344,7372.6912282626145
primary,,task2_fold1_seed42_ewc_cl6_l10_e8,ewc,cl6,42,1,0.8578501545693872,0.00637909527827718,0.04626334519572961,-0.00637909527827718,0.6285714285714286,0.532989154303944,0.7499330740724727,0.7669724770642202,0.532484076433121,0.8240740740740741,0.875181904908835,0.9027191845033725,418.0,127.0,1896.0,367.0,100.71861275518313,2808.0,6893.773824034492,7415.798426181078
primary,,task2_fold1_seed42_naive_cl6_e8,naive,cl6,42,1,0.835767017866813,0.028960450526470227,0.06049822064056931,-0.023805811351212458,0.6666666666666666,0.5988919120179422,0.7724717872284894,0.8577154308617234,0.5452229299363057,0.8475783475783476,0.8851670754476388,0.9075564270988061,428.0,71.0,1952.0,357.0,99.97290526283905,2808.0,6860.107819775585,7234.343541228911
primary,,task2_fold1_seed42_replay_cl6_r10_e8,replay,cl6,42,1,0.8576458379602282,0.009474630370180148,0.10142348754448405,-0.009474630370180148,0.6435024322446143,0.5259838205928193,0.7683901575268809,0.7079510703363915,0.5898089171974522,0.8173076923076923,0.8709301629981331,0.9080693719003904,463.0,191.0,1832.0,322.0,101.133896084968,2808.0,7626.9372366720345,8007.152287662961
primary,,task2_fold1_seed42_replay_relation_cl6_r10_kd0.5_z0.1_a0.1_e8,replay_relation,cl6,42,1,0.8739957297573363,-0.002733242836702454,0.040925266903914626,0.024640459331547848,0.6843177189409368,0.5750274410628868,0.8037244686754758,0.7325581395348837,0.6420382165605095,0.8344017094017094,0.8994713659161679,0.9244089688801227,504.0,184.0,1839.0,281.0,101.72568490798585,2808.0,7916.9784261882305,8299.835124018835
primary,,task2_fold2_seed42_ewc_cl6_l10_e8,ewc,cl6,42,2,0.8751516179868645,-0.0029412739444554803,-0.002336448598130869,0.0029412739444554803,0.5882967607105538,0.47761316877322607,0.7035773526480852,0.7369109947643979,0.4895652173913044,0.7968548594998711,0.8720601590007488,0.8896741139766676,563.0,201.0,2528.0,587.0,197.07023764308542,3879.0,5794.1503518591635,6653.971798888873
primary,,task2_fold2_seed42_naive_cl6_e8,naive,cl6,42,2,0.877174341152197,-0.005841121495327117,0.0,0.005841121495327117,0.6437414030261348,0.5064529713590751,0.7098547137546519,0.6808923375363725,0.6104347826086957,0.7996906419180201,0.8618748705529975,0.8886449141705447,702.0,329.0,2400.0,448.0,195.51406640117057,3879.0,5755.407670877641,6485.736705596093
primary,,task2_fold2_seed42_replay_cl6_r10_e8,replay,cl6,42,2,0.8752084387942155,0.0013753562669847619,0.03546099290780136,-0.0013753562669847619,0.5432937181663837,0.45851832291363603,0.6964214798336787,0.7779578606158833,0.41739130434782606,0.7919566898685229,0.8360466487166824,0.8670689026208575,480.0,137.0,2592.0,670.0,196.26243881508708,3879.0,6198.517389001558,6929.21949405293
primary,,task2_fold2_seed42_replay_relation_cl6_r10_kd0.5_z0.1_a0.1_e8,replay_relation,cl6,42,2,0.8791836649919077,0.014267249950288274,0.04255319148936165,-0.014267249950288274,0.6546546546546547,0.5498529669214268,0.7662483371305265,0.7712264150943396,0.568695652173913,0.8221191028615623,0.8928698201284114,0.906800727152326,654.0,194.0,2535.0,496.0,195.99470963398926,3879.0,6410.307934393175,7141.226147823036
primary,,task2_fold3_seed42_ewc_cl6_l10_e8,ewc,cl6,42,3,0.8044703483664942,0.08388157894736842,0.14144736842105265,-0.08388157894736842,0.4991212653778559,0.4756832642025974,0.7541265214086688,0.8623481781376519,0.3511953833470734,0.8229080364540182,0.8880306590999534,0.9111714949524624,426.0,68.0,3547.0,787.0,228.47058898815885,4828.0,5890.309076638194,6851.882188555086
primary,,task2_fold3_seed42_naive_cl6_e8,naive,cl6,42,3,0.7775485707354091,0.09831871345029242,0.13815789473684215,-0.09831871345029242,0.4718562874251497,0.4554300880679021,0.7622781756970384,0.862144420131291,0.32481450948062657,0.8173156586578293,0.9017173337711901,0.916027308767072,394.0,63.0,3552.0,819.0,227.26583184301853,4828.0,5860.147018326912,6690.557272519916
primary,,task2_fold3_seed42_replay_cl6_r10_e8,replay,cl6,42,3,0.8157020223818914,0.08296783625730997,0.13815789473684215,-0.08296783625730997,0.5568797399783315,0.5022250531235959,0.7635874044735619,0.8120063191153238,0.4237427864798021,0.8305716652858326,0.8971919010169909,0.9199887694263441,514.0,119.0,3496.0,699.0,230.065094984835,4828.0,6400.376715454971,7237.260453841882
primary,,task2_fold3_seed42_replay_relation_cl6_r10_kd0.5_z0.1_a0.1_e8,replay_relation,cl6,42,3,0.8264758112518794,0.026498538011695882,0.02960526315789469,-0.024853801169590628,0.6130389064143007,0.559624445204054,0.7826709252502269,0.8461538461538461,0.4806265457543281,0.8475559237779619,0.9039317034569025,0.9259880613914003,583.0,106.0,3509.0,630.0,229.12080480111763,4828.0,6592.405247250339,7428.7277514459565
primary,,task2_fold4_seed42_ewc_cl6_l10_e8,ewc,cl6,42,4,0.8921438591894821,0.016659906396255864,0.038000000000000034,-0.016659906396255864,0.612565445026178,0.5717698925711044,0.788534400623658,0.904639175257732,0.4630606860158311,0.8406603265745559,0.8746662825189597,0.9022940512994115,702.0,74.0,3983.0,814.0,254.82806691899896,5573.0,5313.963236491894,6470.264854092849
primary,,task2_fold4_seed42_naive_cl6_e8,naive,cl6,42,4,0.9037149095124111,0.0191201248049922,0.03200000000000003,-0.0191201248049922,0.6487148102815178,0.5834271831229353,0.788256062606901,0.8502673796791443,0.5244063324538258,0.8455051139422214,0.8679046216741253,0.9028205767283873,795.0,140.0,3917.0,721.0,253.475614272058,5573.0,5290.071827650536,6318.225121869007
primary,,task2_fold4_seed42_replay_cl6_r10_e8,replay,cl6,42,4,0.88151873861214,0.021101404056162232,0.07020280811232449,-0.021101404056162232,0.5757026291931097,0.5476083192064178,0.7544923356731239,0.9202898550724637,0.4188654353562005,0.8320473712542616,0.8428747537563337,0.8863825545798037,635.0,55.0,4002.0,881.0,254.74053980689496,5573.0,5773.474289941136,6804.856944513973
primary,,task2_fold4_seed42_replay_relation_cl6_r10_kd0.5_z0.1_a0.1_e8,replay_relation,cl6,42,4,0.9220831953888843,-0.001439937597503882,0.0031201248049922414,0.001439937597503882,0.6181665264928511,0.5581394836893779,0.7797417117688497,0.8526682134570766,0.48482849604221634,0.8370715951911,0.8761175674084924,0.903976015580233,735.0,127.0,3930.0,781.0,253.31207075691782,5573.0,5935.586903161602,6964.175532846013
primary,,task2_fold5_seed42_ewc_cl6_l10_e8,ewc,cl6,42,5,0.7974848299260189,0.07824873602377541,0.09352517985611508,-0.07824873602377541,0.7682317682317682,0.6754965393226989,0.8857429355421695,0.8962703962703963,0.6722027972027972,0.8498867680362342,0.9395524224106659,0.9256574094900494,769.0,89.0,1858.0,375.0,118.3426961011719,3091.0,6264.037137889303,6811.571828342043
primary,,task2_fold5_seed42_naive_cl6_e8,naive,cl6,42,5,0.8137959080646486,0.059361578747077925,0.06834532374100721,-0.059361578747077925,0.7963320463320464,0.7039372904161743,0.8940176739258165,0.8890086206896551,0.7211538461538461,0.8634746036881268,0.9411377015383179,0.9299251822298298,825.0,103.0,1844.0,319.0,118.6981501430273,3091.0,6271.572099767858,6684.837492792867
primary,,task2_fold5_seed42_replay_cl6_r10_e8,replay,cl6,42,5,0.8396168015783755,0.04335574361669359,0.057934508816120944,-0.037960060163456155,0.7042842215256009,0.6026838453662672,0.8515964712221326,0.8753246753246753,0.5891608391608392,0.8168877385959237,0.9120423746771975,0.8959783577644409,674.0,96.0,1851.0,470.0,118.75998818897642,3091.0,6718.66692724498,7130.908881257055
primary,,task2_fold5_seed42_replay_relation_cl6_r10_kd0.5_z0.1_a0.1_e8,replay_relation,cl6,42,5,0.8626462369721258,0.022307594730261116,0.030226700251889116,-0.022307594730261116,0.8074891982717235,0.7189681033012836,0.8877246651443381,0.8956336528221512,0.7351398601398601,0.8702685215140731,0.9348244205717242,0.9318507588378444,841.0,98.0,1849.0,303.0,117.99103354499675,3091.0,6970.031698905863,7381.832112835953
primary,,task2_fold1_seed123_ewc_cl6_l10_e8,ewc,cl6,123,1,0.8531422170182577,-0.0005653201767910621,0.05797101449275355,0.026570048309178806,0.6204954954954955,0.4549183226300613,0.7431661216822069,0.5560040363269425,0.7019108280254777,0.75997150997151,0.8566699516074696,0.875621190168911,551.0,440.0,1583.0,234.0,100.68915083794855,2808.0,6778.12000322598,7328.085581505904
primary,,task2_fold1_seed123_naive_cl6_e8,naive,cl6,123,1,0.8257487227885009,0.0424632541885086,0.04710144927536242,0.008364168979340114,0.6393958464443046,0.4972037956194657,0.7570517082549824,0.6318407960199005,0.6471337579617834,0.7959401709401709,0.8582026441149708,0.8887976381076452,508.0,296.0,1727.0,277.0,100.1423358079046,2808.0,6710.857896690955,7119.247474326054
primary,,task2_fold1_seed123_replay_cl6_r10_e8,replay,cl6,123,1,0.8207024345784752,0.007477644156645091,0.036231884057971064,0.03743961352657005,0.6298110566829951,0.5095646000200563,0.7416840128808757,0.6987577639751553,0.5732484076433121,0.8116096866096866,0.8538350371995932,0.8893320163797374,450.0,194.0,1829.0,335.0,100.65544720599428,2808.0,7121.21311418456,7531.597816079855
primary,,task2_fold1_seed123_replay_relation_cl6_r10_kd0.5_z0.1_a0.1_e8,replay_relation,cl6,123,1,0.8250854808671645,0.04056172268475694,0.0905797101449276,0.0031735019015314836,0.6767610269914417,0.5576927891988631,0.7848239932572849,0.7002724795640327,0.6547770700636942,0.8251424501424501,0.8858654139812538,0.9085456641991543,514.0,220.0,1803.0,271.0,100.71930758096278,2808.0,7187.74873336684,7598.370155838085
primary,,task2_fold2_seed123_ewc_cl6_l10_e8,ewc,cl6,123,2,0.8203806324685758,0.019903972064600595,0.032911392405063244,-0.019903972064600595,0.6515021459227468,0.5020278952368353,0.6380229281236651,0.6432203389830509,0.66,0.7906676978602732,0.8545825035448563,0.880522171028072,759.0,421.0,2308.0,391.0,196.53802749607712,3879.0,5922.45755664492,6734.05240237806
primary,,task2_fold2_seed123_naive_cl6_e8,naive,cl6,123,2,0.8304590672315039,-0.00469227411610651,0.03544303797468351,0.00469227411610651,0.6528318201469953,0.5053799141004552,0.670996427849501,0.649183147033534,0.6565217391304348,0.7929878834751225,0.8568024598913442,0.8842566590111374,755.0,408.0,2321.0,395.0,195.73667088500224,3879.0,5900.569996186066,6581.983146417886
primary,,task2_fold2_seed123_replay_cl6_r10_e8,replay,cl6,123,2,0.8466191658038773,0.0132256656481885,0.013793103448275779,-0.0132256656481885,0.64598385040374,0.4922367038284753,0.6125850367374956,0.6317539484621779,0.6608695652173913,0.7852539314256252,0.8418461930632339,0.8704026034780785,760.0,443.0,2286.0,390.0,196.44746363093145,3879.0,6281.727181497961,6965.169841968222
primary,,task2_fold2_seed123_replay_relation_cl6_r10_kd0.5_z0.1_a0.1_e8,replay_relation,cl6,123,2,0.8549511109424192,-0.004015713662156306,0.012658227848101222,0.004015713662156306,0.6229205175600739,0.4796675572838037,0.6251183242225619,0.6646942800788954,0.5860869565217391,0.7896365042536736,0.8581069670368187,0.8826483930865366,674.0,340.0,2389.0,476.0,195.4034103420563,3879.0,6343.22366183484,7023.137908158125
primary,,task2_fold3_seed123_ewc_cl6_l10_e8,ewc,cl6,123,3,0.8569409503843466,0.0002272727272726871,0.011363636363636354,0.07931818181818184,0.6874381800197824,0.6287660133801378,0.7970712255679074,0.8590852904820766,0.572959604286892,0.8690969345484673,0.9244147370749567,0.9365559677083898,695.0,114.0,3501.0,518.0,228.18019427196123,4828.0,5864.651569891255,6787.223542321008
primary,,task2_fold3_seed123_naive_cl6_e8,naive,cl6,123,3,0.8842236039641701,-0.12715909090909094,-0.12363636363636366,0.14846590909090912,0.6992936427850656,0.6522308473387177,0.8562581506820066,0.9011703511053316,0.5713107996702391,0.8765534382767192,0.9353625260690149,0.9445616017857719,693.0,76.0,3539.0,520.0,229.22762590507045,4828.0,5838.4133638988715,6627.78370698099
primary,,task2_fold3_seed123_replay_cl6_r10_e8,replay,cl6,123,3,0.9041768312051331,-0.18113636363636365,-0.1477272727272727,0.2038636363636364,0.7347703842549204,0.6716551280483019,0.8404575827683566,0.8512486427795874,0.6463314097279472,0.8827671913835957,0.9261490606032619,0.9465483167781974,784.0,137.0,3478.0,429.0,229.1197653990239,4828.0,6508.989672183059,7298.738600485027
primary,,task2_fold3_seed123_replay_relation_cl6_r10_kd0.5_z0.1_a0.1_e8,replay_relation,cl6,123,3,0.8660023981957945,-0.08301136363636363,-0.08238636363636365,0.1284659090909091,0.6511397423191279,0.5826155420404171,0.8306215831577645,0.8161490683229814,0.5416323165704864,0.8541839270919636,0.9330405165798366,0.9472990809273989,657.0,148.0,3467.0,556.0,228.18545013084076,4828.0,6790.423926467076,7578.022580686025
primary,,task2_fold4_seed123_ewc_cl6_l10_e8,ewc,cl6,123,4,0.768732030515923,-0.0008076256867474707,0.048744460856720795,0.0008076256867474707,0.5854529228023204,0.5499108719815528,0.8059827780288467,0.9048275862068965,0.43271767810026385,0.8333034272384712,0.8995455914172905,0.910208804214805,656.0,69.0,3988.0,860.0,254.484288233798,5573.0,5519.4851462345105,6594.776188037125
primary,,task2_fold4_seed123_naive_cl6_e8,naive,cl6,123,4,0.777762708269163,-0.012068336468196217,0.03101920236336775,0.0132673772355823,0.6419965576592083,0.6026334391495276,0.8368042794923615,0.9232673267326733,0.4920844327176781,0.8507087744482326,0.9137880519223752,0.9207934367621644,746.0,62.0,3995.0,770.0,254.890219185967,5573.0,5529.5108671463095,6474.891516038217
primary,,task2_fold4_seed123_replay_cl6_r10_e8,replay,cl6,123,4,0.8129426549650747,-0.03374671016510278,0.02363367799113736,0.036144791699874945,0.7101002313030069,0.6408460078512527,0.8292971149333207,0.8543599257884972,0.6075197889182058,0.8650636999820563,0.9185768368037783,0.9320623624020468,921.0,157.0,3900.0,595.0,253.50567744486034,5573.0,6140.670884055551,7083.423190747853
primary,,task2_fold4_seed123_replay_relation_cl6_r10_kd0.5_z0.1_a0.1_e8,replay_relation,cl6,123,4,0.7953729610301989,-0.030254083291712253,-0.002954209748892156,0.030254083291712253,0.698953893839597,0.6279558457421837,0.8176042555038541,0.8469483568075117,0.5949868073878628,0.8605777857527364,0.9160213982412885,0.9290901001145296,902.0,163.0,3894.0,614.0,253.75172044802457,5573.0,6390.669255746063,7335.684175990988
primary,,task2_fold5_seed123_ewc_cl6_l10_e8,ewc,cl6,123,5,0.8421935765867712,-0.05209097051508749,-0.04580152671755722,0.06640394761432417,0.8186274509803921,0.7434152267423042,0.9361801908542261,0.9319196428571429,0.7298951048951049,0.8802976383047557,0.9590413438641482,0.9469989944821593,835.0,61.0,1886.0,309.0,117.92546927463263,3091.0,6148.313355510123,6743.903367700987
primary,,task2_fold5_seed123_naive_cl6_e8,naive,cl6,123,5,0.8128885549921584,0.007419746697143514,0.032015065913371,0.01738941360820001,0.731194108364019,0.6463592242726236,0.8938445167988744,0.9180977542932629,0.6075174825174825,0.8346813329019734,0.9316341080593777,0.9129891616124751,695.0,62.0,1885.0,449.0,117.9810895100236,3091.0,6123.7642788500525,6590.276378479786
primary,,task2_fold5_seed123_replay_cl6_r10_e8,replay,cl6,123,5,0.8419902072076512,-0.04855091214904905,-0.016949152542372947,0.054276102988743746,0.8369201339072214,0.7623747364323391,0.9398793440383799,0.9239704329461457,0.7648601398601399,0.8896797153024911,0.96112721382367,0.9542780874876926,875.0,72.0,1875.0,269.0,118.59927697433159,3091.0,6653.670803906396,7121.654460485093
primary,,task2_fold5_seed123_replay_relation_cl6_r10_kd0.5_z0.1_a0.1_e8,replay_relation,cl6,123,5,0.8369365642420048,-0.002661333218326345,0.024809160305343525,0.036058279783211855,0.8428504011326097,0.7673148513834448,0.9342907894691994,0.9158974358974359,0.7805944055944056,0.8922678744742801,0.9591903987127408,0.9541155425510303,893.0,82.0,1865.0,251.0,118.06536276917905,3091.0,6900.333885091357,7368.950617636088
primary,,task2_fold1_seed2024_ewc_cl6_l10_e8,ewc,cl6,2024,1,0.83539165862159,-0.004913568553161274,0.014563106796116498,0.008978609203567745,0.6840958605664488,0.5943357329800346,0.8045709344581021,0.7956081081081081,0.6,0.8450854700854701,0.8987006117546306,0.918214569078173,471.0,121.0,1902.0,314.0,100.43257899209857,2808.0,6516.38873432111,7074.034663992003
primary,,task2_fold1_seed2024_naive_cl6_e8,naive,cl6,2024,1,0.8223967093106329,0.014770305470045042,0.027508090614886793,0.0014898571315809517,0.6800554016620498,0.5744043720047832,0.8035699180424969,0.7450682852807283,0.6254777070063694,0.8354700854700855,0.8962214784752417,0.9190227631066307,491.0,168.0,1855.0,294.0,100.84815191524103,2808.0,6513.885652444325,6937.029622835107
primary,,task2_fold1_seed2024_replay_cl6_r10_e8,replay,cl6,2024,1,0.8035778075293822,0.04175546609835035,0.046925566343042124,-0.031592864472334115,0.6421725239616614,0.5784808584224274,0.8260777517681953,0.860813704496788,0.5121019108280255,0.8404558404558404,0.9172893885917048,0.9268956319348057,402.0,65.0,1958.0,383.0,100.65450688172132,2808.0,7242.50335586071,7667.470585580915
primary,,task2_fold1_seed2024_replay_relation_cl6_r10_kd0.5_z0.1_a0.1_e8,replay_relation,cl6,2024,1,0.8362411984836801,0.03686163075222987,0.05339805825242716,-0.004341305548977825,0.7087719298245614,0.6168397621261359,0.8325047763910084,0.7890625,0.643312101910828,0.8522079772079773,0.911874588726461,0.9308585411238545,505.0,135.0,1888.0,280.0,100.67335486738011,2808.0,7494.0191012993455,7917.657154999673
primary,,task2_fold2_seed2024_ewc_cl6_l10_e8,ewc,cl6,2024,2,0.8815595552350519,-0.017794705294705282,0.06331168831168832,0.017794705294705282,0.6756272401433692,0.5452795099642105,0.7525294105515212,0.6968576709796673,0.6556521739130434,0.8133539572054653,0.8977465865821213,0.9156053832878713,754.0,328.0,2401.0,396.0,196.2922314060852,3879.0,5897.343948824797,6789.868837942835
primary,,task2_fold2_seed2024_naive_cl6_e8,naive,cl6,2024,2,0.861056438043193,0.03934815184815188,0.06331168831168832,-0.03934815184815188,0.6908414690841469,0.5756660913683008,0.8030387116890589,0.7422577422577422,0.6460869565217391,0.82856406290281,0.912116876702726,0.9228558387217451,743.0,258.0,2471.0,407.0,195.8411277681589,3879.0,5851.733351474628,6615.190624115989
primary,,task2_fold2_seed2024_replay_cl6_r10_e8,replay,cl6,2024,2,0.8535022372770719,0.022577422577422568,0.06493506493506496,-0.022577422577422568,0.6448140900195695,0.5280529786892468,0.7780632264928846,0.7371364653243848,0.5730434782608695,0.8128383604021655,0.9060397979830166,0.9176723562421673,659.0,235.0,2494.0,491.0,195.95912935165688,3879.0,6585.938869887963,7351.335885067005
primary,,task2_fold2_seed2024_replay_relation_cl6_r10_kd0.5_z0.1_a0.1_e8,replay_relation,cl6,2024,2,0.8965487051579767,0.024600399600399614,0.03296703296703296,-0.024600399600399614,0.6930867459269044,0.5661807882799033,0.7349214413863844,0.7020517395182873,0.6843478260869565,0.8203145140500129,0.892204821004668,0.9106455055317662,787.0,334.0,2395.0,363.0,196.02832815423608,3879.0,6928.81325605046,7694.185536215082
primary,,task2_fold3_seed2024_ewc_cl6_l10_e8,ewc,cl6,2024,3,0.822236823618879,0.0678038822840078,0.06859205776173283,-0.03531290755476596,0.6196911196911197,0.532158701993801,0.7378160604645513,0.7473806752037253,0.5292662819455894,0.8367854183927091,0.8868233601178565,0.920771473227493,642.0,217.0,3398.0,571.0,229.37654508510605,4828.0,5981.290168268606,6878.878267847002
primary,,task2_fold3_seed2024_naive_cl6_e8,naive,cl6,2024,3,0.8326328265412953,0.036953522218232004,0.04502617801047126,-0.008072655792239258,0.5867568873852103,0.49006827795936503,0.7067335812264799,0.7091121495327103,0.5004122011541632,0.8229080364540182,0.8602422579729282,0.9069541953215468,607.0,249.0,3366.0,606.0,228.22921152273193,4828.0,5987.452135501429,6757.01600227179
primary,,task2_fold3_seed2024_replay_cl6_r10_e8,replay,cl6,2024,3,0.8341747714812918,0.01408131249173078,0.020942408376963373,-0.01408131249173078,0.6283228612856452,0.543834517613302,0.7483235572386809,0.7593457943925234,0.5358615004122012,0.8407207953603977,0.902662374757554,0.9279127847155059,650.0,206.0,3409.0,563.0,229.29004913382232,4828.0,6341.540341545828,7111.235025858041
primary,,task2_fold3_seed2024_replay_relation_cl6_r10_kd0.5_z0.1_a0.1_e8,replay_relation,cl6,2024,3,0.8279852435646746,-0.0026726142098398853,0.0072202166064981865,0.0026726142098398853,0.6219281663516069,0.5279891871671927,0.727361208736455,0.7286821705426356,0.5424567188788129,0.8342999171499585,0.8944619093066241,0.9228398070081387,658.0,245.0,3370.0,555.0,228.65644784411415,4828.0,6486.909160636831,7255.163175651338
primary,,task2_fold4_seed2024_ewc_cl6_l10_e8,ewc,cl6,2024,4,0.761673060616422,-0.002758956985935701,0.028795811518324665,0.021141309927112162,0.545538603791031,0.5211193297701917,0.7943301652189139,0.9119010819165378,0.3891820580474934,0.8236138525031401,0.8914150791849391,0.9057379423084867,590.0,57.0,4000.0,926.0,255.17254732409492,5573.0,5405.181778231636,6375.130046666134
primary,,task2_fold4_seed2024_naive_cl6_e8,naive,cl6,2024,4,0.7689769828586641,-0.0159891181603532,0.03664921465968585,0.022116569140745335,0.6128472222222222,0.5689620284100004,0.8086791568004761,0.8959390862944162,0.4656992084432718,0.8399425802978647,0.90411146440271,0.9158842222323037,706.0,82.0,3975.0,810.0,253.95121871493757,5573.0,5365.629002832342,6197.73606908787
primary,,task2_fold4_seed2024_replay_cl6_r10_e8,replay,cl6,2024,4,0.7911949815173628,-0.002200749409711489,0.007853403141361293,0.027936043527358567,0.6380628717077316,0.590054041842609,0.8248159039458126,0.89618138424821,0.4953825857519789,0.8471200430647766,0.9161007425193629,0.9219867076557788,751.0,87.0,3970.0,765.0,254.52018416766077,5573.0,5835.675994866062,6670.109818455763
primary,,task2_fold4_seed2024_replay_relation_cl6_r10_kd0.5_z0.1_a0.1_e8,replay_relation,cl6,2024,4,0.8356485062865756,-0.07644877322656812,-0.06127450980392157,0.08747818499127402,0.7381583933308071,0.6720138134115702,0.8400595995857656,0.8673196794300979,0.6424802110817942,0.876009330701597,0.9215980978184877,0.9361302406191911,974.0,149.0,3908.0,542.0,253.6626287829131,5573.0,6037.105060520116,6871.490658084862
primary,,task2_fold5_seed2024_ewc_cl6_l10_e8,ewc,cl6,2024,5,0.860337763120863,-0.015288655334578849,0.04973357015985791,0.05673943253665137,0.7870105062082139,0.6860273988034488,0.9008995644112807,0.8673684210526316,0.7202797202797203,0.8557101261727597,0.9350049026474296,0.9371026977330894,824.0,126.0,1821.0,320.0,118.09010762674734,3091.0,6322.172796713188,6894.696146483999
primary,,task2_fold5_seed2024_naive_cl6_e8,naive,cl6,2024,5,0.8671092472519394,-0.007074885651441709,0.08170515097690934,0.03686763176543134,0.7721755368814193,0.6557992190188837,0.8876287748653462,0.8286573146292585,0.7229020979020979,0.8421222905208671,0.92824580401622,0.9284287326278137,827.0,171.0,1776.0,317.0,118.05672535207123,3091.0,6292.752580469474,6723.992706988007
primary,,task2_fold5_seed2024_replay_cl6_r10_e8,replay,cl6,2024,5,0.8220215113173331,0.00906275596131012,0.06216696269982236,0.0323880212407624,0.7650943396226415,0.6483641714567712,0.889166982700627,0.8309426229508197,0.708916083916084,0.8388870915561307,0.9231402264915363,0.9231981454177451,811.0,165.0,1782.0,333.0,118.82856974005699,3091.0,6812.166663759388,7245.7583913137205
primary,,task2_fold5_seed2024_replay_relation_cl6_r10_kd0.5_z0.1_a0.1_e8,replay_relation,cl6,2024,5,0.8509920479305583,-0.04518953791218394,0.010657193605683846,0.06591492651322023,0.8071879553181156,0.7226683041164256,0.9233856294266191,0.9081967213114754,0.7263986013986014,0.8715626010999676,0.9470612848887117,0.9389740578071757,831.0,84.0,1863.0,313.0,117.57374822488055,3091.0,6985.474020006601,7415.7761423937045
upper_bound,,task2_fold1_seed42_joint_cl6_e8,joint,cl6,42,1,0.8435773539710065,,,,0.7189451769604441,0.6275232044298552,0.7984415397790599,0.7896341463414634,0.6598726114649681,0.8557692307692307,0.8862287515230896,0.9171572902208586,518.0,138.0,1885.0,267.0,100.54439321998507,2808.0,6743.618157181889,6881.675114423037
upper_bound,,task2_fold2_seed42_joint_cl6_e8,joint,cl6,42,2,0.8878233898488661,,,,0.68826705940108,0.5887529006043428,0.8297728625271404,0.790304396843292,0.6095652173913043,0.8362980149523073,0.910502334029028,0.9258110165584464,701.0,186.0,2543.0,449.0,195.3692689500749,3879.0,5606.832160537597,5902.899144240655
upper_bound,,task2_fold3_seed42_joint_cl6_e8,joint,cl6,42,3,0.8903457641128064,,,,0.5753424657534246,0.5117218146885203,0.7422424545208142,0.7970802919708029,0.45012366034624895,0.8330571665285833,0.8684463722307553,0.9111342356002579,546.0,139.0,3476.0,667.0,228.63944945624098,4828.0,5771.437347738072,6079.3850390138105
upper_bound,,task2_fold4_seed42_joint_cl6_e8,joint,cl6,42,4,0.945879482202189,,,,0.6549295774647887,0.5734692994647841,0.7906455277567783,0.8048076923076923,0.5521108179419525,0.8417369459895927,0.8837172208951205,0.9147079677081147,837.0,203.0,3854.0,679.0,253.44246212625876,5573.0,5180.358168771956,5539.284630222246
upper_bound,,task2_fold5_seed42_joint_cl6_e8,joint,cl6,42,5,0.8625734295767967,,,,0.8407286314806165,0.7611399737378158,0.9161945033362306,0.9027081243731193,0.7867132867132867,0.8896797153024911,0.9430992094705501,0.9398145187481926,900.0,97.0,1850.0,244.0,118.38882842194289,3091.0,6199.172493707389,6353.0049648899585
